name,city,province,address,score,comment_count,price,longitude,latitude,image_url,description,level,poi_id
故宫博物院,北京,北京,天安门/王府井地区,4.8,187930,0.0,116.403414,39.924091,https://dimg04.c-ctrip.com/images/100k0q000000gqnh8EE78.jpg,穿越明清两朝的皇家宫殿群,5A,75595
八达岭长城,北京,北京,八达岭长城/野生动物园地区,4.7,56056,35.0,116.024067,40.362639,https://dimg04.c-ctrip.com/images/1lo5h12000nzd0mmsDF3D.jpg,不到长城非好汉,5A,75596
北京环球度假区,北京,北京,环球影城度假区及周边,4.6,56924,346.0,116.687749,39.858481,https://dimg04.c-ctrip.com/images/1lo6q12000poqi7g36CCA.jpg,大片世界，在此成真,,31677717
中国国家博物馆,北京,北京,天安门/王府井地区,0.0,11063,0.0,116.407762,39.91176,https://dimg04.c-ctrip.com/images/0102y12000hxkc5n61AF4.jpg,穿越千年看中华珍宝,,87207
恭王府,北京,北京,后海/南锣鼓巷地区,4.7,32325,40.0,116.392652,39.943478,https://dimg04.c-ctrip.com/images/0103o12000jtaf06u56A4.jpg,旧时清朝大臣和珅的府邸,5A,76613
天坛公园,北京,北京,前门/天坛公园/崇文门,4.7,19662,0.0,116.417246,39.888243,https://dimg04.c-ctrip.com/images/10040h0000008s9n50143.jpg,明清时期皇帝祭天的地方,5A,75599
颐和园,北京,北京,中关村/五道口,4.7,49106,0.0,116.280593,40.004567,https://dimg04.c-ctrip.com/images/10010p000000ftdk87BDF.jpg,走入清朝皇帝的皇家园林,5A,75597
慕田峪长城,北京,北京,慕田峪长城/响水湖长城地区,4.8,28773,45.0,116.571778,40.437515,https://dimg04.c-ctrip.com/images/1lo0m12000bjgo0zjBC35.jpg,"看万里长城山河壮丽, 万里长城上看醉人秋色",5A,75609
天安门广场,北京,北京,天安门/王府井地区,0.0,0,0.0,116.404177,39.909652,https://dimg04.c-ctrip.com/images/0105s12000lgqyhu8A558.jpg,,,75594
什刹海风景区,北京,北京,后海/南锣鼓巷地区,4.7,3026,0.0,116.39473,39.947925,https://dimg04.c-ctrip.com/images/010691200082f4a1h9957.jpg,历史街区与时尚夜生活,4A,100947
泡泡玛特城市乐园,北京,北京,燕莎/朝阳公园商业区,4.5,1686,88.0,116.485985,39.947985,https://dimg04.c-ctrip.com/images/1lo5612000expxn6kC02D.jpg,首个潮玩沉浸式IP乐园,,136653497
朝阳公园,北京,北京,燕莎/朝阳公园商业区,4.7,1150,0.0,116.489127,39.950067,https://dimg04.c-ctrip.com/images/0106y12000f9tvgxz47CF.jpg,踏青野餐亲子游玩的好去处,4A,90782
北京野生动物园,北京,北京,大兴北京新机场地区,4.7,31627,145.0,116.341067,39.502562,https://dimg04.c-ctrip.com/images/10030c00000063u6rBDAE.jpg,近距离观赏野生动物,4A,10559348
国家自然博物馆,北京,北京,前门/天坛公园/崇文门,4.7,1973,0.0,116.406116,39.889525,https://dimg04.c-ctrip.com/images/0105g12000hyj7qtd201A.jpg,观赏已经灭绝动植物的化石,,76620
北京动物园,北京,北京,西直门/北京展览馆地区,4.5,9800,10.0,116.343376,39.947735,https://dimg04.c-ctrip.com/images/0106i12000jo9ejluF267.jpg,观赏众多的珍稀动物,4A,76612
雍和宫,北京,北京,三里屯/工体/东直门地区,4.7,3275,0.0,116.423709,39.953378,https://dimg04.c-ctrip.com/images/100o0b0000005z27w2021.jpg,生活过雍正与乾隆两位皇帝,,76599
圆明园,北京,北京,中关村/五道口,0.0,25403,10.0,116.310059,40.012509,https://dimg04.c-ctrip.com/images/010131200046ybzogE113.jpg,毁于战火的清代皇家园林,5A,76625
景山公园,北京,北京,天安门/王府井地区,4.7,4953,0.0,116.402818,39.93227,https://dimg04.c-ctrip.com/images/10091f000001gsmf0CEC2.jpg,明朝崇祯皇帝自缢的地方,4A,76610
中国科学技术馆,北京,北京,鸟巢/奥体中心地区,4.6,6396,30.0,116.40504,40.012384,https://dimg04.c-ctrip.com/images/0103712000f6segxv6838.jpg,小朋友的科学乐园,,90785
南锣鼓巷,北京,北京,后海/南锣鼓巷地区,4.6,4276,0.0,116.408878,39.943562,https://dimg04.c-ctrip.com/images/0105u12000krkf6rb1AE2.jpg,老北京胡同与小资的混搭,,87891
明十三陵,北京,北京,昌平城区/十三陵度假区,4.6,6429,10.0,116.247071,40.28496,https://dimg04.c-ctrip.com/images/100m1f000001gznjj0C53.jpg,埋葬十三位明朝皇帝的陵园,5A,75600
奥林匹克公园,北京,北京,鸟巢/奥体中心地区,0.0,1739,0.0,116.399559,40.01706,https://dimg04.c-ctrip.com/images/0106v12000ms5fxmk3815.jpg,鸟巢水立方标志性建筑群落,5A,10559691
毛主席纪念堂,北京,北京,天安门/王府井地区,0.0,0,0.0,116.404325,39.908868,https://dimg04.c-ctrip.com/images/0100s12000lxikugb9864.jpg,,,84789
前门大街,北京,北京,前门/天坛公园/崇文门,4.6,1734,0.0,116.406003,39.901276,https://dimg04.c-ctrip.com/images/0101t120007xzhog38999.jpg,京味十足的商业老街,,90794
北京欢乐谷,北京,北京,欢乐谷游乐区,4.7,18540,199.0,116.501358,39.873863,https://dimg04.c-ctrip.com/images/10091f000001gsov1E90E.jpg,玩耍众多刺激的游乐项目,4A,86171
北京参观四合院,北京,北京,后海/南锣鼓巷地区,4.6,8,0.0,116.392599,39.943381,https://dimg04.c-ctrip.com/images/0106a12000gdxwablB74F.jpg,,,149543824
王府井,北京,北京,天安门/王府井地区,4.7,2021,0.0,116.417578,39.921112,https://dimg04.c-ctrip.com/images/100u1f000001gq8fl5AFF.jpg,北京知名的老牌购物商圈,,10524169
鸟巢(国家体育场),北京,北京,鸟巢/奥体中心地区,4.6,4985,95.0,116.402152,39.999924,https://dimg04.c-ctrip.com/images/fd/tg/g2/M06/88/23/Cghzf1WwtEiAJ2cqAAocVn4isuk274.jpg,新北京的标志性建筑,,10559019
南山滑雪场,北京,北京,鼓楼西大街/南山滑雪场,4.7,2453,145.0,116.868942,40.337877,https://dimg04.c-ctrip.com/images/0104d12000h4byc28A06D.jpg,建有波浪练习道,,10758243
北京citywalk,北京,北京,中国,4.6,9,0.0,116.41378,39.910534,https://dimg04.c-ctrip.com/images/0102f12000jue491w8FA0.jpg,,,151074796
中国人民革命军事博物馆,北京,北京,公主坟/五棵松/石景山游乐园地区,0.0,0,0.0,116.330207,39.914976,https://dimg04.c-ctrip.com/images/0106w12000f6seos914D1.png,,,87208
中国地质博物馆,北京,北京,西单/金融街地区,4.8,5941,15.0,116.379189,39.929491,https://dimg04.c-ctrip.com/images/0104212000h91p88774CE.jpg,观赏珍贵的史前生物化石,,87211
古北水镇,北京,北京,古北水镇/司马台长城,4.7,14922,0.0,117.284044,40.659823,https://dimg04.c-ctrip.com/images/01037120008wxql6z7E44.jpg,在长城脚下泡温泉爬长城,,13378901
北海公园,北京,北京,天安门/王府井地区,4.7,5093,5.0,116.395154,39.934571,https://dimg04.c-ctrip.com/images/0100j12000j0xxuim3205.jpg,白塔湖水相依的皇家园林,4A,75598
北京登览长城,北京,北京,八达岭长城/野生动物园地区,0.0,0,0.0,116.024067,40.362639,https://dimg04.c-ctrip.com/images/1lo1y12000nzd09rk7BE1.jpg,,,153110245
北京海洋馆,北京,北京,西直门/北京展览馆地区,4.4,6676,170.0,116.347541,39.950152,https://dimg04.c-ctrip.com/images/100f1f000001gq9cx0533.jpg,观赏上千种水族动物,4A,84619
北京游船观光,北京,北京,中关村/五道口,4.5,87,0.0,116.280234,40.008817,https://dimg04.c-ctrip.com/images/1lo3s12000pji2ijtE963.png,,,145753475
居庸关长城,北京,北京,昌平城区/十三陵度假区,4.8,3904,35.0,116.079068,40.296759,https://dimg04.c-ctrip.com/images/1lo5212000di7240542AB.jpg,仰望天下第一雄关匾额,4A,76681
北京大观园,北京,北京,永定门/南站/大红门/南苑地区,4.5,3572,40.0,116.362735,39.87721,https://dimg04.c-ctrip.com/images/100e1f000001gt103FEE1.jpg,87版《红楼梦》取景地,,75604
北京汉服体验,北京,北京,上地产业园/西三旗,4.8,261,0.0,116.256801,40.073432,https://dimg04.c-ctrip.com/images/01A0s120008eif9jc316C.jpg,换汉服打卡留念,,148488528
大栅栏,北京,北京,前门/天坛公园/崇文门,4.7,1135,0.0,116.397634,39.901535,https://dimg04.c-ctrip.com/images/0104o12000f6rduy68C2F.jpg,门框胡同汇聚京味小吃,,10524170
三里屯,北京,北京,三里屯/工体/东直门地区,4.7,754,0.0,116.458347,39.940602,https://dimg04.c-ctrip.com/images/0104s12000nmqa3uz0346.jpg,北京时尚潮流生活的地标,,100974
香山公园,北京,北京,香山/八大处风景区,4.7,6624,10.0,116.195182,39.99621,https://dimg04.c-ctrip.com/images/0105t12000jiij2nlA992.jpg,"体味山野趣味天然氧吧, 赏秋胜地有漫山的红叶",4A,75601
北京天文馆,北京,北京,西直门/北京展览馆地区,4.5,1472,20.0,116.343321,39.943013,https://dimg04.c-ctrip.com/images/0106312000liv7t7j9533.jpg,,4A,84621
水立方(国家游泳中心),北京,北京,鸟巢/奥体中心地区,4.4,2542,47.0,116.396578,39.999151,https://dimg04.c-ctrip.com/images/0104112000h4g9jgrE77C.jpg,新北京地标中的奥运场馆,,10559020
八大处公园,北京,北京,香山/八大处风景区,4.9,7748,10.0,116.190721,39.9689,https://dimg04.c-ctrip.com/images/100b1f000001gsltw7A06.jpg,"三山八刹十二景, 京郊祈福赏秋的胜地",4A,76670
国家大剧院,北京,北京,天安门/王府井地区,4.7,2577,36.0,116.396206,39.911208,https://dimg04.c-ctrip.com/images/1lo2812000fe41ql7E309.jpg,参观美丽的水滴建筑,,10559038
慕田峪长城索道滑道,北京,北京,慕田峪长城/响水湖长城地区,4.6,469,140.0,116.570348,40.437613,https://dimg04.c-ctrip.com/images/0105712000c9n6wm885E9.jpg,,,134063452
北京汽车博物馆,北京,北京,总部基地/丰台体育中心/南宫地区,4.7,6176,0.0,116.308141,39.83502,https://dimg04.c-ctrip.com/images/0104h12000i0bpg1196D7.jpg,参观众多古老汽车原型,4A,90977
北京 · 刘若英 2025《飞行日》巡回演唱会,北京,北京,公主坟/五棵松/石景山游乐园地区,0.0,0,0.0,116.287186,39.917645,https://dimg04.c-ctrip.com/images/0102d12000bvkvt9i4F7B.png,,,153434622
天安门广场-国旗,北京,北京,天安门/王府井地区,5.0,54,0.0,116.404013,39.913324,https://dimg04.c-ctrip.com/images/0105v12000n1z1i1g6915.jpg,,,145115543
人民大会堂,北京,北京,天安门/王府井地区,4.7,656,0.0,116.400238,39.911394,https://dimg04.c-ctrip.com/images/100p1f000001gpgnaB249.jpg,人民代表大会的开会场所,,88194
潭柘寺,北京,北京,门头沟/潭柘寺/妙峰山风景区,4.8,2885,50.0,116.037591,39.911133,https://dimg04.c-ctrip.com/images/0105312000h155dj32725.jpg,千年古刹、珍稀古木,4A,76604
天安门城楼,北京,北京,天安门/王府井地区,0.0,0,0.0,116.403946,39.915087,https://dimg04.c-ctrip.com/images/100e0g0000008nx060B52.jpg,,,84616
世界公园,北京,北京,总部基地/丰台体育中心/南宫地区,4.2,5502,59.9,116.294299,39.816786,https://dimg04.c-ctrip.com/images/1lo1f12000oyn4vcg4808.jpg,汇集各国知名建筑的微缩版,4A,76641
798艺术区,北京,北京,望京/酒仙桥/798地区,4.5,1421,0.0,116.501502,39.991171,https://dimg04.c-ctrip.com/images/100g1f000001gqzfv7659.jpg,北京文艺青年的打卡胜地,,87890
地坛公园,北京,北京,国展中心地区,4.8,1242,2.0,116.420164,39.96163,https://dimg04.c-ctrip.com/images/100v1f000001h1dneB6E1.jpg,明清皇帝祭祀土地的场所,4A,76631
北京 · 2026田震「玩儿个痛快」演唱会北京站,北京,北京,鸟巢/奥体中心地区,0.0,0,0.0,116.396647,40.002566,https://dimg04.c-ctrip.com/images/0102i12000q1a3lxn932E.jpg,,,153408498
广德楼德云社相声大会,北京,北京,前门/天坛公园/崇文门,4.2,300,149.0,116.401354,39.902186,https://dimg04.c-ctrip.com/images/0100k12000f6t6rg4D358.jpg,欢声笑语中度过快乐时光,,18648567
太和殿,北京,北京,天安门/王府井地区,4.9,701,0.0,116.40349,39.923624,https://dimg04.c-ctrip.com/images/0106112000f6t4qal7524.jpg,紫禁城里的“金銮殿”,,10521090
北京环球度假区-未来水世界,北京,北京,环球影城度假区及周边,4.8,90,0.0,116.692089,39.864098,https://dimg04.c-ctrip.com/images/0101k120009novg9tCD3E.jpg,沉浸式水上特技演出,,131897139
故宫珍宝馆,北京,北京,天安门/王府井地区,4.9,645,0.0,116.406775,39.926697,https://dimg04.c-ctrip.com/images/100p0b0000005z2jz3994.jpg,乾隆慈禧曾居住在这,,10521079
老舍茶馆,北京,北京,前门/天坛公园/崇文门,4.5,1169,100.0,116.399659,39.906052,https://dimg04.c-ctrip.com/images/1lo0112000g97ympdDD45.jpg,吃饭喝茶观看传统曲艺,,88036
中央广播电视塔,北京,北京,公主坟/五棵松/石景山游乐园地区,4.5,2180,79.0,116.313471,39.924902,https://dimg04.c-ctrip.com/images/100k0s000000i226y88DD.jpg,登上塔顶俯瞰北京美景,4A,87948
北京军都山滑雪场,北京,北京,昌平城区/十三陵度假区,4.5,1273,148.0,116.337849,40.245312,https://dimg04.c-ctrip.com/images/1lo5f12000q6uekxnAEDA.jpg,距离北京市区很近的滑雪场,,10758256
钟鼓楼,北京,北京,后海/南锣鼓巷地区,4.7,538,10.0,116.402238,39.948807,https://dimg04.c-ctrip.com/images/0106b120008c2kehh4A33.jpg,北京古老的标志性建筑,,76608
鼓楼,北京,北京,后海/南锣鼓巷地区,4.7,554,20.0,116.402299,39.947128,https://dimg04.c-ctrip.com/images/0100712000m5pw3dxC3B3.jpg,见证中国百年历史文化,,76609
北京逛胡同,北京,北京,天安门/王府井地区,0.0,0,0.0,116.41378,39.910534,https://dimg04.c-ctrip.com/images/01069120008340n7nE587.jpg,,,150059734
孔庙和国子监博物馆,北京,北京,三里屯/工体/东直门地区,4.8,851,30.0,116.420267,39.95288,https://dimg04.c-ctrip.com/images/0102y12000iixi7uv8DFC.jpg,元明清三朝学子们的圣地,4A,15151613
人民英雄纪念碑,北京,北京,天安门/王府井地区,0.0,694,0.0,116.404043,39.911012,https://dimg04.c-ctrip.com/images/0104t12000o1wn4kd779F.jpg,祖国的象征建筑之一,,84790
八达岭野生动物世界,北京,北京,八达岭长城/野生动物园地区,4.1,6107,85.0,116.004519,40.356227,https://dimg04.c-ctrip.com/images/0100a12000lt7muah81F2.jpg,近距离观赏野生动物,,90975
北京 · 三里屯太古里脱口秀SOHO店 |【魔脱喜剧】周一至周日每天三场,北京,北京,三里屯/工体/东直门地区,0.0,0,0.0,116.460188,39.937958,https://dimg04.c-ctrip.com/images/0105312000khttdotEE69.png,,,151238645
司马台长城,北京,北京,古北水镇/司马台长城,4.7,1408,40.0,117.297324,40.663935,https://dimg04.c-ctrip.com/images/100t1f000001gqc8v0398.jpg,保留了明长城原貌的古长城,4A,10558681
陶然亭公园,北京,北京,永定门/南站/大红门/南苑地区,4.7,1254,2.0,116.388442,39.88066,https://dimg04.c-ctrip.com/images/0100612000j2kdkfh08D9.jpg,以陶然亭为中心的园林公园,4A,76633
陶然亭公园冰雪嘉年华,北京,北京,永定门/南站/大红门/南苑地区,4.2,121,0.0,116.386663,39.878718,https://dimg04.c-ctrip.com/images/1lo6t12000csr7zxc2C3A.png,湖心岛亭文化与冰雪相融,,70369774
午门,北京,北京,天安门/王府井地区,4.9,713,0.0,116.403631,39.919911,https://dimg04.c-ctrip.com/images/100v13000000vbns4B0F4.jpg,紫禁城的正门,,90937
北京坊,北京,北京,前门/天坛公园/崇文门,4.7,82,0.0,116.402538,39.904342,https://dimg04.c-ctrip.com/images/100c1f000001gsyi95E26.jpg,时尚的文化消费区,,60697938
太平洋海底世界,北京,北京,公主坟/五棵松/石景山游乐园地区,4.2,2520,90.0,116.31274,39.925171,https://dimg04.c-ctrip.com/images/0105612000aufbjs64C20.jpg,近距离观赏各种海洋生物,,90984
红螺寺,北京,北京,雁栖湖/红螺寺地区,4.8,3269,54.0,116.631287,40.389483,https://dimg04.c-ctrip.com/images/1lo4i12000d2lmqtkDC4D.jpg,祈福胜地，也是赏秋好地方,4A,76605
中国美术馆,北京,北京,天安门/王府井地区,4.8,670,0.0,116.415354,39.931566,https://dimg04.c-ctrip.com/images/0103012000866a6b75181.jpg,艺术展览更新频繁,,87218
首都博物馆,北京,北京,西单/金融街地区,4.8,1167,0.0,116.348673,39.912093,https://dimg04.c-ctrip.com/images/100m1f000001gzoylC02F.jpg,领略首都三千年的建城史,4A,76603
八达岭滑雪场,北京,北京,八达岭长城/野生动物园地区,3.6,233,98.0,115.962404,40.354685,https://dimg04.c-ctrip.com/images/0105q12000f6tvlflD4D1.jpg,适合初学者的京郊滑雪场,,10758587
纪晓岚故居,北京,北京,前门/天坛公园/崇文门,4.5,346,10.0,116.393595,39.896317,https://dimg04.c-ctrip.com/images/0103212000f6rcc23512C.jpg,院内百年古藤罗很有名气,,90809
龙庆峡,北京,北京,龙庆峡/永宁古城地区,4.5,3689,40.0,116.009457,40.557687,https://dimg04.c-ctrip.com/images/1lo7412000d454w7o713A.jpg,京郊避暑，戏水，秀美山色,4A,75608
雁栖湖,北京,北京,雁栖湖/红螺寺地区,4.4,4307,20.0,116.674209,40.399231,https://dimg04.c-ctrip.com/images/10021f000001gxcft163D.jpg,湖光山色中赏一轮明月,4A,76680
清华大学艺术博物馆,北京,北京,中关村/五道口,4.4,114,0.0,116.342213,40.00764,https://dimg04.c-ctrip.com/images/0102r12000id507iy8DEF.jpg,,,68928794
北京奥林匹克塔,北京,北京,鸟巢/奥体中心地区,4.6,829,128.0,116.400632,40.014687,https://dimg04.c-ctrip.com/images/1lo6312000daxmji4823E.jpg,北京地标建筑之一,,33201266
黄花城水长城,北京,北京,黄花城水长城地区,4.7,4541,58.0,116.307302,40.419151,https://dimg04.c-ctrip.com/images/0100p12000j1z7uq5134F.jpg,观赏长城戏水的景色,4A,87193
北京宋庆龄故居,北京,北京,后海/南锣鼓巷地区,0.0,1217,20.0,116.389526,39.951729,https://dimg04.c-ctrip.com/images/0105j12000j2ke2jw448E.jpg,漫步在古色古香庭院式建筑,,87129
中国考古博物馆,北京,北京,鸟巢/奥体中心地区,4.7,32,0.0,116.405433,40.005392,https://dimg04.c-ctrip.com/images/0106012000iese9g4A91B.jpg,,,142206313
北京京剧表演,北京,北京,天安门/王府井地区,4.5,4,0.0,116.396258,39.91122,https://dimg04.c-ctrip.com/images/1lo5s12000pji42vc557F.png,,,148914455
北京环球城市大道,北京,北京,环球影城度假区及周边,4.8,73,0.0,116.683286,39.857016,https://dimg04.c-ctrip.com/images/0102o12000o20b4306CE7.jpg,,,130845789
国家植物园(原北京植物园),北京,北京,香山/八大处风景区,4.7,1272,5.0,116.215026,40.009399,https://dimg04.c-ctrip.com/images/0106y1200089a107c7A0F.jpg,游山踏青观赏花卉植物,4A,76632
北京传统曲艺,北京,北京,三里屯/工体/东直门地区,0.0,0,0.0,116.459701,39.937,https://dimg04.c-ctrip.com/images/1lo4512000pji2uau5E7C.png,,,153267120
国子监,北京,北京,三里屯/工体/东直门地区,4.8,852,30.0,116.420267,39.95288,https://dimg04.c-ctrip.com/images/0103e12000ffi2ets5D86.jpg,明清两代的国家教育部门,,76600
世界花卉大观园,北京,北京,永定门/南站/大红门/南苑地区,4.5,3027,50.0,116.360001,39.84089,https://dimg04.c-ctrip.com/images/35061900000179dro4645.jpg,观赏世界各地的花卉植物,4A,90795
富国海底世界,北京,北京,三里屯/工体/东直门地区,4.0,3117,91.0,116.453462,39.934256,https://dimg04.c-ctrip.com/images/fd/tg/g2/M08/C4/B0/CghzgVW7H_iAC9S5AAA_-z49ZWQ823.jpg,百米隧道展示数百余种鱼类,,88572
北京 · 开心麻花首部惊悚爆笑戏剧《开心聊斋·三生沉浸版》,北京,北京,西直门/北京展览馆地区,5.0,1,0.0,116.35039,39.930935,https://dimg04.c-ctrip.com/images/0105912000crbtova10B5.png,,,143349286
定陵,北京,北京,昌平城区/十三陵度假区,4.5,1133,20.0,116.232376,40.300487,https://dimg04.c-ctrip.com/images/0101x12000mc5kce374E0.jpg,明代万历皇帝的大型陵墓,,99184
北京曲水兰亭水疗,北京,北京,国贸CBD/朝阳大悦城,4.5,249,1208.9,116.51187,39.911218,https://dimg04.c-ctrip.com/images/100u1f000001gq8af6E55.jpg,,,56381203
外滩,上海,上海,外滩核心区,4.8,157536,0.0,121.499319,31.23855,https://dimg04.c-ctrip.com/images/10040m000000dht6p0F19.jpg,欣赏万国建筑和浦江美景,,75611
上海迪士尼度假区,上海,上海,迪士尼度假区,4.7,283612,399.0,121.667662,31.146785,https://dimg04.c-ctrip.com/images/1lo5x12000q20kx37B414.jpg,充满欢乐童真的梦幻乐园,,13412802
上海博物馆,上海,上海,人民广场地区,4.6,9493,0.0,121.482126,31.23419,https://dimg04.c-ctrip.com/images/0103x1200042pw7745DC1.jpg,蜚声中外的知名博物馆,4A,76144
东方明珠,上海,上海,陆家嘴,4.7,174179,199.0,121.506379,31.245414,https://dimg04.c-ctrip.com/images/1lo7412000isn0jrbD500.jpg,360度欣赏申城的地标,5A,75627
上海海昌海洋公园,上海,上海,滴水湖临港地区,4.6,51893,99.0,121.912107,30.91932,https://dimg04.c-ctrip.com/images/1lo3d12000qu0338g97DB.jpg,看珍稀海洋生物玩刺激项目,4A,52075446
豫园,上海,上海,豫园地区,4.7,51821,30.0,121.498966,31.232745,https://dimg04.c-ctrip.com/images/0103v12000f9ug057967E.jpg,留存完好的百年古典园林,4A,75615
陆家嘴,上海,上海,陆家嘴,4.8,3726,0.0,121.509072,31.24278,https://dimg04.c-ctrip.com/images/100f1d000001enrubAD5E.jpg,举世闻名的金融中心,,24302219
上海野生动物园,上海,上海,南汇/野生动物园,4.7,122135,165.0,121.727964,31.061207,https://dimg04.c-ctrip.com/images/1lo7112000qvaxyve2C57.jpg,与世界各地动物亲密接触,5A,75624
迪士尼小镇,上海,上海,迪士尼度假区,4.8,25524,0.0,121.667653,31.14634,https://dimg04.c-ctrip.com/images/100b0x000000l83e13E97.jpg,延续迪士尼乐园的神奇体验,,28408248
上海海洋水族馆,上海,上海,陆家嘴,4.7,48293,155.0,121.508574,31.246392,https://dimg04.c-ctrip.com/images/1lo6e12000hsutu2eF00B.jpg,漫步海底隧道观赏海洋生物,4A,80473
上海天文馆,上海,上海,滴水湖临港地区,4.9,7616,30.0,121.933171,30.919028,https://dimg04.c-ctrip.com/images/01069120009ze52fdA92D.jpg,,,69572753
城隍庙旅游区,上海,上海,豫园地区,4.7,10026,0.0,121.499034,31.231471,https://dimg04.c-ctrip.com/images/100l1f000001gqi1p4B80.jpg,上海民俗风情文化景点,,10524093
上海中心大厦,上海,上海,陆家嘴,4.5,8907,180.0,121.511937,31.239212,https://dimg04.c-ctrip.com/images/0100812000f6pvv945ED1.jpg,上海地标建筑,,24591219
上海乐高乐园®度假区,上海,上海,乐高乐园度假区,4.6,1366,379.0,121.10526,30.891382,https://dimg04.c-ctrip.com/images/1lo0u12000pviaidiC1BF.png,置身想象，搭有可玩,,149628236
上海展馆深度游览,上海,上海,人民广场地区,4.6,9,0.0,121.482126,31.234189,https://dimg04.c-ctrip.com/images/0103i120008bq7eap6FEA.jpg,,,152948358
南京路步行街,上海,上海,人民广场地区,4.7,44464,0.0,121.486099,31.241924,https://dimg04.c-ctrip.com/images/0106u120008c3zeiy8417.jpg,上海知名的商业步行街,,10524119
上海千古情,上海,上海,新国际博览中心/世博园,4.7,3591,139.0,121.490642,31.192248,https://dimg04.c-ctrip.com/images/1lo5r12000bhl42zpE9C8.jpg,设穿越街、时空街等区域,,140068129
黄浦江游览(十六铺码头),上海,上海,外滩核心区,4.5,15050,89.0,121.503078,31.234907,https://dimg04.c-ctrip.com/images/35091e000001ey01xBB09.jpg,乘船尽览黄浦江畔迷人风光,,98472
上海之巅观光厅,上海,上海,陆家嘴,4.6,14168,180.0,121.512342,31.239205,https://dimg04.c-ctrip.com/images/10070d0000006wasz1009.jpg,登上海之巅赏城市全景,4A,30745956
磁浮列车,上海,上海,新国际博览中心/世博园,4.8,7868,50.0,121.564146,31.208449,https://dimg04.c-ctrip.com/images/10051f000001gstmz0A34.jpg,体验科技带来的速度魅力,,80719
上海动物园,上海,上海,虹桥地区,4.7,22817,40.0,121.369284,31.199023,https://dimg04.c-ctrip.com/images/1lo1512000jb22g5r734D.jpg,观珍稀动物度亲子时光,4A,81728
黄浦江,上海,上海,陆家嘴,4.8,3171,0.0,121.503719,31.246557,https://dimg04.c-ctrip.com/images/100d1c000001d59od1BE9.jpg,上海的地标河流,,24301253
武康路,上海,上海,淮海路/新天地地区,4.7,810,0.0,121.447559,31.217481,https://dimg04.c-ctrip.com/images/0101112000hk8rpvx48D1.jpg,14处优秀历史建筑,,10559490
上海欢乐谷,上海,上海,佘山/松江大学城,4.7,29429,260.0,121.221418,31.101493,https://dimg04.c-ctrip.com/images/1lo4j12000qiz3uj3DF0E.jpg,老少皆宜的知名主题乐园,4A,10559194
朱家角古镇景区,上海,上海,青浦朱家角/东方绿舟,4.5,4245,0.0,121.060528,31.121599,https://dimg04.c-ctrip.com/images/0102n12000j11dauo6575.jpg,在青砖白墙间感受上海古镇,4A,79170
交通银行耀雪冰雪世界,上海,上海,滴水湖临港地区,4.8,4098,225.0,121.912595,30.925281,https://dimg04.c-ctrip.com/images/1lo0b12000ey2b4ze19E1.jpg,,,140950753
浦东美术馆,上海,上海,陆家嘴,4.7,2206,80.0,121.50292,31.243762,https://dimg04.c-ctrip.com/images/1lo3d12000pvievh66C1C.png,陆家嘴滨江新晋网红地标,,124908212
广富林文化遗址,上海,上海,佘山/松江大学城,4.6,6864,0.0,121.202071,31.067938,https://dimg04.c-ctrip.com/images/10040t000000inke79FDC.jpg,欣赏独特的水下展示馆,4A,10534110
上海温室花园,上海,上海,新国际博览中心/世博园,4.7,1094,96.0,121.481344,31.184196,https://dimg04.c-ctrip.com/images/1lo2612000feu05ohF876.jpg,超出片的室内瀑布花园,,148886229
上海自然博物馆,上海,上海,静安寺/南京西路,4.8,9113,30.0,121.469147,31.241162,https://dimg04.c-ctrip.com/images/1A0i11000000qe9tl9638.jpg,参观各种动物乃至恐龙标本,,76790
金茂大厦88层观光厅,上海,上海,陆家嘴,4.7,3697,88.0,121.511615,31.240326,https://dimg04.c-ctrip.com/images/0100d12000f6t99k72672.jpg,高空俯瞰繁华的魔都,,24313002
新天地,上海,上海,淮海路/新天地地区,4.7,2356,0.0,121.480625,31.228445,https://dimg04.c-ctrip.com/images/100w11000000qhnvt1425.jpg,石库门里的时尚潮流地标,,10524092
上海影视乐园,上海,上海,交大/闵行经济开发区,4.3,9698,69.0,121.318364,31.016575,https://dimg04.c-ctrip.com/images/0106y12000f6qv0027201.jpg,老上海影视拍摄地,4A,76783
上海citywalk,上海,上海,人民广场地区,5.0,5,0.0,121.48024,31.236351,https://dimg04.c-ctrip.com/images/0101712000juezsps3F03.jpg,,,151074788
田子坊,上海,上海,打浦桥地区,4.5,3688,0.0,121.475094,31.214302,https://dimg04.c-ctrip.com/images/100e1f000001gt1ey32DA.jpg,文艺小店聚集的上海小弄堂,,10524091
上海杜莎夫人蜡像馆,上海,上海,人民广场地区,4.5,15929,159.0,121.47988,31.240463,https://dimg04.c-ctrip.com/images/0102612000adjlotvD786.jpg,欣赏众多世界名人逼真蜡像,4A,80267
外滩观光隧道,上海,上海,陆家嘴,3.9,3661,50.0,121.503879,31.244014,https://dimg04.c-ctrip.com/images/100w0m000000dlzn45F4B.jpg,我国第一条越江行人隧道,,80258
世博文化公园,上海,上海,新国际博览中心/世博园,4.5,250,0.0,121.483089,31.185968,https://dimg04.c-ctrip.com/images/0100j12000j4ostig9482.jpg,"生态自然永续, 文化融合创新, 市民欢聚共享, 城市中心公园",,131917111
上海博物馆(东馆),上海,上海,新国际博览中心/世博园,4.8,178,0.0,121.545263,31.226244,https://dimg04.c-ctrip.com/images/0100o12000iktxih9B837.jpg,,,130847455
上海 · 王心凌SUGAR HIGH2.0世界巡回演唱会,上海,上海,新国际博览中心/世博园,0.0,0,0.0,121.499982,31.19446,https://dimg04.c-ctrip.com/images/0102k12000hnr8hnw6D3B.png,,,153238681
都市观光巴士,上海,上海,陆家嘴,4.3,1840,57.0,121.507435,31.244773,https://dimg04.c-ctrip.com/images/1lo5612000fmjjzz932B4.jpg,畅快欣赏上海有名景点,,18054301
上海四行仓库抗战纪念馆,上海,上海,上海火车站地区,0.0,395,0.0,121.477447,31.246241,https://dimg04.c-ctrip.com/images/0100e12000m82vq1t77CB.jpg,中小学生研学实践教育基地,,22879410
上海《不眠之夜》,上海,上海,静安寺/南京西路,4.6,243,560.0,121.462204,31.23642,https://dimg04.c-ctrip.com/images/100l10000000oseml5D7C.jpg,体验经典的浸入式戏剧场景,,56140154
上海 · 原神☆FES 2026,上海,上海,虹桥机场/国家会展中心,0.0,0,0.0,121.308378,31.195859,https://dimg04.c-ctrip.com/images/0103c12000pxnu4hiE289.jpg,,,153431623
上海游船观光,上海,上海,外滩核心区,4.4,302,0.0,121.497224,31.243444,https://dimg04.c-ctrip.com/images/0106912000815n5vl934C.jpg,,,148852246
上海老街,上海,上海,豫园地区,4.8,1549,0.0,121.495438,31.23022,https://dimg04.c-ctrip.com/images/0100412000nuu1j2rA38E.jpg,汇集早年的钱庄金店等,,80269
上海汽车博物馆,上海,上海,嘉定新城,4.7,6082,55.0,121.176829,31.284654,https://dimg04.c-ctrip.com/images/100h0q000000gcq3r672F.jpg,欣赏各种品牌的罕见古董车,,91770
浦江游览,上海,上海,外滩核心区,4.5,1273,89.0,121.499417,31.238673,https://dimg04.c-ctrip.com/images/0104f12000lymyy1t7FDF.jpg,赏上海迷人夜景的绝妙体验,,10758168
静安寺,上海,上海,静安寺/南京西路,4.6,1587,0.0,121.451754,31.22985,https://dimg04.c-ctrip.com/images/100n0m000000dirgzFDD7.jpg,东部少见的藏式风格寺庙,,75618
黄浦江游览（东方明珠码头）,上海,上海,陆家嘴,4.3,705,95.0,121.503539,31.246281,https://dimg04.c-ctrip.com/images/1lo1t12000mca43kdBDA7.jpg,浦江两岸的美景尽收眼底,,31677117
上海 · 2026Ella陈嘉桦It's Me艾拉主意巡回演唱会上海站,上海,上海,前滩,0.0,0,0.0,121.48398,31.161852,https://dimg04.c-ctrip.com/images/0102412000qg5pc449ACA.jpg,,,153464874
人民广场,上海,上海,人民广场地区,4.7,10513,0.0,121.481492,31.234736,https://dimg04.c-ctrip.com/images/0101h12000lgpwod0FA7E.jpg,上海地标和交通枢纽,,91002
中华艺术宫,上海,上海,新国际博览中心/世博园,4.6,1284,0.0,121.501315,31.190005,https://dimg04.c-ctrip.com/images/fd/tg/g1/M08/C8/F7/CghzflWww1GATHPPABnveZ3DOw0100.jpg,原上海世博会中国国家馆,,80268
上海乐高探索中心,上海,上海,长风公园地区,4.4,2963,215.0,121.401968,31.228928,https://dimg04.c-ctrip.com/images/0101s120008ptxurqFC6C.jpg,孩子们亲手搭建有趣积木,,25073031
中国航海博物馆,上海,上海,滴水湖临港地区,4.8,6034,27.0,121.926133,30.902522,https://dimg04.c-ctrip.com/images/0103x12000iivrxrz54EF.jpg,"了解中国航海史观仿真模型, 国内首座航海专题博物馆",4A,90595
疯狂动物城,上海,上海,迪士尼度假区,4.7,83,0.0,121.665835,31.152566,https://dimg04.c-ctrip.com/images/1lo6312000dmg35udA7C8.png,全球首个疯狂动物主题乐园,,143192731
"上海 · ONEREPUBLIC “From Asia, With Love” 2026上海站",上海,上海,四川北路商业区,0.0,0,480.0,121.487457,31.277129,https://dimg04.c-ctrip.com/images/0103y12000q6s5y2hA4AA.jpg,,,153445140
金茂大厦,上海,上海,陆家嘴,4.8,7578,0.0,121.512267,31.240944,https://dimg04.c-ctrip.com/images/010691200083ix667DB18.jpg,登高楼俯瞰城市风光,4A,75614
武康大楼,上海,上海,衡山路地区,4.7,578,0.0,121.444642,31.210823,https://dimg04.c-ctrip.com/images/100l1f000001gqflzF98B.jpg,诸多名人曾入住于此,,94544
上海 · 王赫野 2026《去吹一场野的风》2.0巡回演唱会,上海,上海,新国际博览中心/世博园,0.0,0,0.0,121.499982,31.19446,https://dimg04.c-ctrip.com/images/0101a12000q7f3subDD52.jpg,,,153431624
TASTE OF CHINA 味 沉浸式餐厅,上海,上海,距市中心1.3km,4.8,125,788.0,121.492514,31.241001,https://dimg04.c-ctrip.com/images/1lo0812000qqt5n3lD3D6.jpg,,,150005760
朵云书院(上海中心大厦店),上海,上海,陆家嘴,4.4,27,0.0,121.512016,31.239184,https://dimg04.c-ctrip.com/images/0105u12000b8ms3ix4510.jpg,,,136451143
上海大自然野生昆虫馆（东方明珠•爬宠昆虫探索中心）,上海,上海,陆家嘴,4.4,3673,88.0,121.50627,31.2455,https://dimg04.c-ctrip.com/images/1lo5n12000of7q40nDC14.jpg,观赏各类稀有昆虫标本,,80556
The Stage 白玉兰观景台,上海,上海,北外滩地区,4.7,232,230.0,121.504402,31.254679,https://dimg04.c-ctrip.com/images/1lo3e12000jod3b4k01F7.jpg,,,149996798
思南公馆,上海,上海,淮海路/新天地地区,4.7,624,0.0,121.475467,31.220574,https://dimg04.c-ctrip.com/images/0101012000pk93rty74A6.jpg,欣赏成片的花园洋房,,10523819
上海 · 刘若英 2026《飞行日》巡回演唱会,上海,上海,新国际博览中心/世博园,0.0,0,0.0,121.499982,31.19446,https://dimg04.c-ctrip.com/images/0102d12000bvkvt9i4F7B.png,,,153469033
上海马戏城,上海,上海,大宁国际商业区,4.6,1530,361.0,121.457515,31.28415,https://dimg04.c-ctrip.com/images/1lo1v12000n6jfpe93B90.jpg,上海大型马戏城,,10758356
上海旗袍体验,上海,上海,新国际博览中心/世博园,0.0,0,0.0,121.491182,31.1929,https://dimg04.c-ctrip.com/images/0101812000ge4giqk1DB3.jpg,,,149543803
梅赛德斯-奔驰文化中心,上海,上海,新国际博览中心/世博园,4.5,452,0.0,121.499982,31.19446,https://dimg04.c-ctrip.com/images/0101q12000ijfefhw98D1.jpg,举办过超大型演唱会,,10519629
中国共产党第一次全国代表大会会址,上海,上海,淮海路/新天地地区,0.0,0,0.0,121.481828,31.226053,https://dimg04.c-ctrip.com/images/1lo0b12000bcucrzv7221.jpg,,5A,75621
上海电影博物馆,上海,上海,徐家汇地区,4.7,2945,60.0,121.444823,31.192622,https://dimg04.c-ctrip.com/images/0100512000aklv1mh8648.jpg,展各种电影海报和拍摄道具,,10524120
国家会展中心(上海),上海,上海,虹桥机场/国家会展中心,4.6,524,0.0,121.308378,31.195859,https://dimg04.c-ctrip.com/images/0100q12000f6qy7sl3AB7.jpg,展览、会议、办公综合体,,20908669
2026 F1 中国大奖赛,上海,上海,嘉定新城,0.0,0,0.0,121.23171,31.343655,https://dimg04.c-ctrip.com/images/0106s12000qejcacb4942.jpg,,,151746900
BUSTOUR上海观光游,上海,上海,人民广场地区,4.1,1067,80.0,121.480673,31.240374,https://dimg04.c-ctrip.com/images/0104012000f6t5ynlE722.jpg,坐双层巴士行程更自由,,10758971
黄浦江游览(金陵东路码头),上海,上海,外滩核心区,4.7,468,55.0,121.499784,31.238017,https://dimg04.c-ctrip.com/images/0102s12000f6q7xqzE259.jpg,,,61115410
上海 · 环境式驻演音乐剧《阿波罗尼亚》,上海,上海,人民广场地区,0.0,0,0.0,121.484619,31.23977,https://dimg04.c-ctrip.com/images/0105r12000g55j09tFB3E.png,,,142248121
安福路,上海,上海,淮海路/新天地地区,4.7,171,0.0,121.454911,31.221744,https://dimg04.c-ctrip.com/images/1A091800000159evl2D51.jpg,上海话剧艺术中心坐落于此,,10520131
世博会博物馆,上海,上海,打浦桥地区,4.7,651,0.0,121.488626,31.200317,https://dimg04.c-ctrip.com/images/100b1b000001aafcbAFBF.jpg,全面展示世博专题的博物馆,,10533456
上海佘山国家旅游度假区,上海,上海,佘山/松江大学城,4.7,19,0.0,121.207368,31.095504,https://dimg04.c-ctrip.com/images/10010z000000nx0krD720.jpg,上海唯一的自然山林风景区,,58278369
上海 · MARK 段宜恩 2025-2026《Silhouette: The Shape of You》粉丝演唱会,上海,上海,虹桥机场/国家会展中心,0.0,0,0.0,121.351939,31.226527,https://dimg04.c-ctrip.com/images/0102r12000cf1mqmuA63E.png,,,153509844
上海 · 韩红2026《我想成为你》巡回演唱会,上海,上海,新国际博览中心/世博园,0.0,0,0.0,121.499982,31.19446,https://dimg04.c-ctrip.com/images/0104312000d4ui2zd3857.jpg,,,153498945
滴水湖,上海,上海,滴水湖临港地区,4.5,803,0.0,121.947301,30.903569,https://dimg04.c-ctrip.com/images/0100t12000gjvjbobB7B4.jpg,像一个圆形水滴的人工湖,,10559177
古罗马艺术真迹大展—上海站,上海,上海,打浦桥地区,4.5,20,81.0,121.488626,31.200317,https://dimg04.c-ctrip.com/images/1lo0l12000pebn56i7540.jpg,,,153244918
蓝精灵乐园-上海世茂精灵之城主题乐园,上海,上海,佘山/松江大学城,4.5,2850,119.0,121.162923,31.066036,https://dimg04.c-ctrip.com/images/100o1f000001gp24t45D7.jpg,体验蓝精灵主题互动游戏,4A,82562699
上海世茂精灵之城主题乐园,上海,上海,佘山/松江大学城,0.0,0,0.0,121.162923,31.066036,https://dimg04.c-ctrip.com/images/0100712000mjx083vAE2F.jpg,蓝精灵村奇幻情景再现,,151934265
徐家汇书院,上海,上海,徐家汇地区,4.7,56,0.0,121.443535,31.197035,https://dimg04.c-ctrip.com/images/0106f12000f29wglyE4F7.jpg,文化氛围浓，藏书丰富多样,,136023014
INS新乐园,上海,上海,淮海路/新天地地区,4.4,84,0.0,121.4768,31.223867,https://dimg04.c-ctrip.com/images/1lo0n12000jj31ja042A7.jpg,"一票通玩全楼, 夜生活",,143174242
叙宴(上海旗舰店),上海,上海,大宁国际商业区,4.9,590,398.0,121.465053,31.300401,https://dimg04.c-ctrip.com/images/1lo1n12000eccd8ijB1B8.jpg,,,145736045
思南路,上海,上海,淮海路/新天地地区,4.8,676,0.0,121.476385,31.216464,https://dimg04.c-ctrip.com/images/0105t12000f6ql3oh9EDC.jpg,细赏风格迥异的花园洋房,,99882
上海辰山植物园,上海,上海,佘山/松江大学城,4.7,5362,60.0,121.188969,31.082127,https://dimg04.c-ctrip.com/images/0105f12000h4uay60360C.jpg,四季都有美丽的植物观赏,4A,90596
上海 · 阿波罗尼亚前传：环境式驻演音乐剧《桑塔露琪亚》,上海,上海,人民广场地区,4.0,1,0.0,121.478012,31.234047,https://dimg04.c-ctrip.com/images/0104z12000cpbqgml73F0.png,,,143237506
上海环球金融中心,上海,上海,陆家嘴,4.7,22208,0.0,121.514379,31.239932,https://dimg04.c-ctrip.com/images/0100j120008tw8io4017B.jpg,登透明观光厅俯瞰东方明珠,,86058
上海城隍庙,上海,上海,豫园地区,4.7,2078,0.0,121.499034,31.231471,https://dimg04.c-ctrip.com/images/0106x12000fe389h1BD51.jpg,市中心的著名道观,,10548698
上海玻璃博物馆,上海,上海,吴淞口国际邮轮港,4.4,1930,60.0,121.478517,31.350435,https://dimg04.c-ctrip.com/images/0101812000f6sefsmC1C9.jpg,欣赏各种精美的玻璃艺术品,4A,90439
交通银行耀雪水世界,上海,上海,滴水湖临港地区,4.8,682,260.0,121.911982,30.926102,https://dimg04.c-ctrip.com/images/1lo2r12000k07b8jn8B99.jpg,,,150477703
大卫霍克尼《更大，更近》沉浸式艺术展,上海,上海,徐家汇地区,4.6,11,117.0,121.470319,31.173783,https://dimg04.c-ctrip.com/images/0100312000jmbbk4rFCBD.webp,,,150120409
复兴公园,上海,上海,淮海路/新天地地区,4.6,570,0.0,121.475676,31.222944,https://dimg04.c-ctrip.com/images/0101b12000nu495po212D.jpg,法国式公园,,78448
淮海路,上海,上海,淮海路/新天地地区,4.7,1626,0.0,121.476199,31.224781,https://dimg04.c-ctrip.com/images/100e0y000000lxc8x9D09.jpg,商业街疯狂购物,,10524066
上海 · 【品冠 哈啰 三十如一 巡回演唱会】 · 上海站,上海,上海,大宁国际商业区,0.0,0,0.0,121.459689,31.2979,https://dimg04.c-ctrip.com/images/0104e12000pojgjw0A727.jpg,,,153358541
上海科技馆,上海,上海,新国际博览中心/世博园,4.7,40371,45.0,121.547823,31.224356,https://dimg04.c-ctrip.com/images/0103b12000lkrnxjv140B.jpg,寓教于乐的科普天堂,5A,80261
千岛湖景区,杭州,浙江,千岛湖中心湖区,4.4,11419,45.5,118.930304,29.573338,https://dimg04.c-ctrip.com/images/10071f000001h6ymy0856.jpg,徜徉在星罗密布的岛屿中 ,5A,97470
千岛湖东南湖区,杭州,浙江,千岛湖东南湖区,4.5,4673,45.5,119.082667,29.591235,https://dimg04.c-ctrip.com/images/1lo4t12000qkt3pjt1E52.jpg,岛屿众多，花开四季,,97472
千岛湖天屿景区,杭州,浙江,千岛湖中心湖区,4.6,1309,50.0,119.05364,29.633919,https://dimg04.c-ctrip.com/images/1lo6j12000hufadcnB3D6.jpg,森林水滑道穿越林间刺激,,61580810
千岛湖植物园,杭州,浙江,千岛湖中心湖区,4.6,158,30.0,118.998685,29.597044,https://dimg04.c-ctrip.com/images/1lo1v12000inh5epe8087.jpg,千岛鹿屿，植此倾心,,134049267
天屿山观景台,杭州,浙江,千岛湖中心湖区,4.6,1115,50.0,119.053835,29.633675,https://dimg04.c-ctrip.com/images/1lo2d12000hufa9p795CC.jpg,视野辽阔，观岛屿星罗棋布,,133527969
千岛湖中心湖区,杭州,浙江,千岛湖中心湖区,4.3,8786,45.5,119.019626,29.600571,https://dimg04.c-ctrip.com/images/1lo0i12000qksvrb37F53.jpg,乘船领略山水锦绣,,10519520
黄山尖,杭州,浙江,千岛湖东南湖区,4.5,375,0.0,119.113832,29.574106,https://dimg04.c-ctrip.com/images/1lo4t12000qkt3pjt1E52.jpg,主峰海拔266米,,10558750
梅峰岛,杭州,浙江,千岛湖中心湖区,4.5,777,0.0,118.927717,29.594396,https://dimg04.c-ctrip.com/images/1lo0i12000qksvrb37F53.jpg,梅峰揽胜,,10558749
千岛湖欢乐水世界,杭州,浙江,千岛湖东南湖区,4.0,285,0.0,119.121659,29.604184,https://dimg04.c-ctrip.com/images/1lo2w12000bitgqva56E1.jpg,有水上沙发等独特水上项目,,13526230
梦幻千岛湖·时光隧道,杭州,浙江,千岛湖中心湖区,4.0,818,68.0,119.020593,29.598121,https://dimg04.c-ctrip.com/images/0104o120008p05eyq525B.jpg,,,125001965
千岛湖伯爵号豪华游轮,杭州,浙江,千岛湖中心湖区,4.1,363,136.0,119.040514,29.610985,https://dimg04.c-ctrip.com/images/0102j120008p3eyro95F7.jpg,现代欧式装修的豪华游轮,,18591787
千岛湖沪马探险乐园,杭州,浙江,姜家/梓桐,4.2,235,150.0,118.746758,29.538866,https://dimg04.c-ctrip.com/images/1lo0212000bxjpq5sCE3C.png,极具体验性的网红项目,,84189891
杭州千岛湖开元森泊焕境乐园,杭州,浙江,千岛湖中心湖区,5.0,919,60.0,119.044509,29.621369,https://dimg04.c-ctrip.com/images/1lo0i12000b1dj1uv6D19.jpg,孔雀与白鹇共栖半岛森林,,136446811
骑龙巷,杭州,浙江,千岛湖镇,3.8,31,0.0,119.05078,29.609918,https://dimg04.c-ctrip.com/images/0102212000ikvmyxb4AAB.jpg,千岛湖旅游打卡的新去处,,61947480
千岛湖揽月秘境,杭州,浙江,千岛湖东南湖区,3.0,3,20.0,119.090581,29.596272,https://dimg04.c-ctrip.com/images/1lo2e12000kk9a7so25E9.jpg,,,151241823
千岛湖夜游,杭州,浙江,千岛湖中心湖区,4.1,789,0.0,119.038156,29.609912,https://dimg04.c-ctrip.com/images/0101y120003b6l0hxAB24.jpg,欣赏千岛湖大桥的美景,,97471
千岛湖啤酒小镇,杭州,浙江,千岛湖东南湖区,4.5,50,0.0,119.15337,29.613587,https://dimg04.c-ctrip.com/images/0100712000ijhy4ek51C6.jpg,地中海风情融艺术气息,,135628077
千岛湖游船观光,杭州,浙江,千岛湖中心湖区,4.4,18,0.0,118.963964,29.593224,https://dimg04.c-ctrip.com/images/01042120008pfcvfi186D.jpg,,,148928512
千岛湖森林氧吧,杭州,浙江,森林氧吧,4.3,3803,55.0,119.224646,29.591169,https://dimg04.c-ctrip.com/images/01003120008j3l06w3C87.jpg,天然氧吧体验山间野趣,,84476
千岛湖希尔顿水上乐园,杭州,浙江,千岛湖东南湖区,4.3,74,0.0,119.085381,29.609692,https://dimg04.c-ctrip.com/images/0104q120009ozke9aA6AA.jpg,亲水乐园各种水上项目漂移,,134078583
千岛湖文渊狮城度假区,杭州,浙江,文渊狮城/龙川湾景区,3.7,859,0.0,118.675844,29.477183,https://dimg04.c-ctrip.com/images/10091f000001gsmyo1C89.jpg,徜徉于粉墙黛瓦的徽式建筑,4A,28379328
千岛湖城中湖休闲游,杭州,浙江,千岛湖东南湖区,4.5,158,80.0,119.060199,29.606733,https://dimg04.c-ctrip.com/images/100r0b0000005al6mACC4.jpg,泛舟夜游，赏城市夜景,,30513653
秀水街,杭州,浙江,千岛湖中心湖区,4.4,212,0.0,119.017527,29.598162,https://dimg04.c-ctrip.com/images/0104t120009ikir2n7FBC.jpg,,,10568753
淳安骑行,杭州,浙江,千岛湖中心湖区,4.5,26,0.0,118.963964,29.593224,https://dimg04.c-ctrip.com/images/01017120008tcngb4BA53.jpg,,,148928493
千岛湖明豪湖边有个乐园,杭州,浙江,千岛湖中心湖区,5.0,466,0.0,119.035623,29.608268,https://dimg04.c-ctrip.com/images/1lo2k12000cnjgd519158.jpg,益智区设有考古纳米沙池,,143181793
梦姑塘文化公园,杭州,浙江,千岛湖中心湖区,4.6,54,0.0,119.028487,29.602644,https://dimg04.c-ctrip.com/images/01A6d12000a9jsh4g890D.jpg,展现淳安地域文化,,13840036
千岛湖龙川湾,杭州,浙江,文渊狮城/龙川湾景区,4.4,290,93.0,118.676427,29.445832,https://dimg04.c-ctrip.com/images/1lo6z12000m3ji2uq2A53.png,吃大锅饭体验知青生活,,91417
千岛湖啤酒博物院,杭州,浙江,千岛湖东南湖区,4.7,626,79.0,119.1545,29.615536,https://dimg04.c-ctrip.com/images/100w1f000001gw9fxE74C.jpg,了解啤酒工艺、历史和文化,,61459158
千岛湖灯塔,杭州,浙江,千岛湖东南湖区,4.7,3,0.0,119.150306,29.610624,https://dimg04.c-ctrip.com/images/1lo1l12000f4q6cscA813.jpg,,,143239667
月光岛（五龙岛）,杭州,浙江,千岛湖中心湖区,4.0,99,0.0,119.011313,29.61908,https://dimg04.c-ctrip.com/images/0100212000pphliov63DF.jpg,感受浓厚的爱情氛围,,79350
千岛湖钓鱼岛,杭州,浙江,千岛湖东南湖区,3.8,136,70.0,119.10208,29.610637,https://dimg04.c-ctrip.com/images/1lo1e12000awqr8b41034.jpg,吃鱼、赏鱼、钓鱼乐趣无穷,,101934
千岛秘境,杭州,浙江,森林氧吧,3.4,160,35.0,119.227759,29.599082,https://dimg04.c-ctrip.com/images/0105y12000a5inl8bAD1D.jpg,看峡谷幽深，体验民族风情,,97392
千岛湖豪华休闲游,杭州,浙江,千岛湖中心湖区,4.5,211,0.0,119.038293,29.610035,https://dimg04.c-ctrip.com/images/100b1f000001gsmnk5DCA.jpg,现代感十足的亮眼游船,,39058944
千岛湖希尔顿休闲艇俱乐部,杭州,浙江,千岛湖东南湖区,4.6,25,0.0,119.084574,29.609994,https://dimg04.c-ctrip.com/images/350a1c000001dmw3j2AF4.jpg,,,80266848
千岛湖燃擎·卡丁车俱乐部,杭州,浙江,千岛湖东南湖区,4.4,232,150.0,119.151831,29.613728,https://dimg04.c-ctrip.com/images/0103k12000f6qn9mqEC33.jpg,专业卡丁车赛道,,34268821
新安江,杭州,浙江,姜家/梓桐,4.7,14,0.0,118.748304,29.729546,https://dimg04.c-ctrip.com/images/100r0z000000n9sy19006.jpg,,,58278668
下姜村,杭州,浙江,文渊狮城/龙川湾景区,4.4,20,0.0,118.731829,29.379069,https://dimg04.c-ctrip.com/images/0102p120009dp10zb694F.jpg,廊桥连接两岸，多徽派建筑,4A,24653750
千岛湖中心湖区明豪水上乐园,杭州,浙江,千岛湖中心湖区,4.9,7,128.0,119.035829,29.607922,https://dimg04.c-ctrip.com/images/1lo2712000m4wpp99ADB0.jpg,,,148493466
千岛之眼摩天轮,杭州,浙江,千岛湖镇,4.3,23,58.0,119.151045,29.616772,https://dimg04.c-ctrip.com/images/1lo0912000coefp5g6543.jpg,,,143223097
千岛湖“月光之恋”光影艺术夜游,杭州,浙江,千岛湖中心湖区,4.4,152,124.0,119.039622,29.61077,https://dimg04.c-ctrip.com/images/1lo4v12000fpjsdg8F469.png,光影互动解码古诗新意,,133847830
千岛湖理想花园,杭州,浙江,千岛湖中心湖区,4.2,12,34.0,119.053639,29.684692,https://dimg04.c-ctrip.com/images/0102712000f6rrvis4156.png,,,136028826
千岛湖大桥,杭州,浙江,千岛湖中心湖区,4.4,31,0.0,119.053357,29.64072,https://dimg04.c-ctrip.com/images/100m1f000001gznkr5E6C.jpg,因地适宜的V形桥墩钢构桥,,24652165
龙山岛,杭州,浙江,千岛湖中心湖区,4.2,178,0.0,118.987466,29.611594,https://dimg04.c-ctrip.com/images/1lo0712000qksxc4gD17C.png,人文景点丰富,,75800
千岛湖华美胜地度假区,杭州,浙江,千岛湖中心湖区,3.7,11,0.0,118.859449,29.553201,https://dimg04.c-ctrip.com/images/1lo4s12000nhdellh4AF6.jpg,,,135312195
千岛湖水下千年,杭州,浙江,文渊狮城/龙川湾景区,0.0,0,0.0,118.678866,29.479258,https://dimg04.c-ctrip.com/images/0103v120009d329e26332.jpg,千年VR游船，探秘水下古城,,133855640
渔乐岛,杭州,浙江,千岛湖中心湖区,3.4,94,0.0,118.950735,29.581609,https://dimg04.c-ctrip.com/images/10050z000000nh4e02862.jpg,岛上建有千岛湖水上大舞台,,75801
千岛湖钓鱼岛水上乐园,杭州,浙江,千岛湖东南湖区,5.0,4,0.0,119.10039,29.610464,https://dimg04.c-ctrip.com/images/1lo4l12000asqp2lk18A2.jpg,,,136458877
大慈岩风景区,杭州,浙江,大慈岩/新叶古村,4.5,2366,75.0,119.296799,29.319229,https://dimg04.c-ctrip.com/images/1lo4r12000q6tz9jb84EB.jpg,行走半山腰的悬空栈道,4A,82866
天池岛,杭州,浙江,千岛湖东南湖区,4.4,64,0.0,119.150892,29.539735,https://dimg04.c-ctrip.com/images/1lo5912000qkt6isfEE6C.png,欣赏精美石刻,,79354
千岛湖风景区-梅峰观景台,杭州,浙江,千岛湖中心湖区,5.0,1,0.0,118.913119,29.590892,https://dimg04.c-ctrip.com/images/0106912000eos0wiv084A.jpg,,,145621935
千岛湖巨网捕鱼,杭州,浙江,千岛湖东南湖区,4.0,58,177.0,119.102137,29.610286,https://dimg04.c-ctrip.com/images/0100e120008ajfey5556F.jpg,体验巨网捕鱼的乐趣,,13539462
诸葛八卦村景区,杭州,浙江,距千岛湖41.9km,4.3,2608,85.0,119.303143,29.254256,https://dimg04.c-ctrip.com/images/0102t1200098zco8r78EE.jpg,诸葛亮后裔的聚居地,4A,88950
千岛湖秀水广场,杭州,浙江,千岛湖中心湖区,4.7,82,0.0,119.050604,29.617705,https://dimg04.c-ctrip.com/images/1A0j13000000vhq0w1C60.jpg,欣赏绚丽的灯光和音乐喷泉,,24653992
千岛湖红叶湾水上乐园,杭州,浙江,千岛湖中心湖区,4.8,36,0.0,118.978655,29.640566,https://dimg04.c-ctrip.com/images/0101y120008lx9zd64AE3.jpg,水上运动中心,,79867372
海瑞祠,杭州,浙江,千岛湖中心湖区,4.3,38,0.0,118.989849,29.611304,https://dimg04.c-ctrip.com/images/100s1f000001gx3puAFF7.jpg,,,10520136
魁星楼,杭州,浙江,千岛湖中心湖区,5.0,6,0.0,119.025335,29.602806,https://dimg04.c-ctrip.com/images/0104b12000aow3crrA55D.jpg,,,59705111
千岛湖乐游环湖骑行,杭州,浙江,千岛湖中心湖区,4.1,66,80.0,119.009858,29.587802,https://dimg04.c-ctrip.com/images/100thk1439jufgklt19A4.jpg,,,30761391
千岛湖绿城豪华游艇俱乐部,杭州,浙江,千岛湖中心湖区,4.0,1,0.0,119.045806,29.614885,https://dimg04.c-ctrip.com/images/1lo5412000cg24em32941.jpg,,,136468721
千岛湖湖人皮划艇俱乐部,杭州,浙江,千岛湖东南湖区,4.8,16,0.0,119.065696,29.611106,https://dimg04.c-ctrip.com/images/0105n120009dn59luC338.jpg,乘皮划艇畅游千岛湖,,20361866
千岛湖梦想5号游船,杭州,浙江,千岛湖中心湖区,3.4,7,228.0,119.038167,29.609897,https://dimg04.c-ctrip.com/images/1me1v12000dv8lmbj2181.jpg,,,135101369
龙川湾千岛湖国际垂钓中心,杭州,浙江,文渊狮城/龙川湾景区,5.0,1,0.0,118.687135,29.465909,https://dimg04.c-ctrip.com/images/0101s120009417ejbB043.jpg,,,90992457
农夫山泉(淳安生产基地),杭州,浙江,千岛湖东南湖区,4.2,72,0.0,119.059586,29.596937,https://dimg04.c-ctrip.com/images/0102n120008j3ngvaC758.jpg,参观饮用水的生产过程,,10519519
千岛湖广场,杭州,浙江,千岛湖镇,4.6,63,0.0,119.058665,29.608479,https://dimg04.c-ctrip.com/images/0105b120009e12f0p6680.jpg,,,61580809
彩虹滑道,杭州,浙江,千岛湖中心湖区,0.0,0,0.0,118.746691,29.522197,https://dimg04.c-ctrip.com/images/0105c120008lwneof1367.jpg,,,134382322
千岛湖冰火岛ATV山地越野车俱乐部,杭州,浙江,千岛湖中心湖区,2.3,3,0.0,118.874749,29.572639,https://dimg04.c-ctrip.com/images/1lo1812000av5alcmA3A1.jpg,,,136575619
千岛湖好运岛,杭州,浙江,新安江风景区,4.3,69,0.0,119.242159,29.503088,https://dimg04.c-ctrip.com/images/100c1f000001gsvvp8341.jpg,有湖门第一岛之称,,97469
千岛湖开元豪华游艇俱乐部,杭州,浙江,千岛湖中心湖区,5.0,2,0.0,119.044397,29.621181,https://dimg04.c-ctrip.com/images/1lo2t12000ja2li9q447A.jpg,,,150083342
黄山尖-观光平台,杭州,浙江,千岛湖东南湖区,0.0,0,0.0,119.112982,29.573593,https://dimg04.c-ctrip.com/images/100a0z000000nge7a9A99.jpg,,,145207280
淳安县博物馆,杭州,浙江,千岛湖东南湖区,4.9,8,0.0,119.118852,29.601075,https://dimg04.c-ctrip.com/images/0106t12000atnoci1BA80.jpg,,,88023552
千岛湖进贤湾豪华游艇,杭州,浙江,千岛湖中心湖区,3.6,45,0.0,119.04308,29.649689,https://dimg04.c-ctrip.com/images/350214000000x91nd7B39.jpg,体验水上摩托车项目,,13511906
桂花岛,杭州,浙江,千岛湖东南湖区,4.6,78,0.0,119.153661,29.496666,https://dimg04.c-ctrip.com/images/100h0u000000j5klgE518.jpg,桂花遍布，猴群诸多,,79351
千岛湖水之灵演艺中心,杭州,浙江,千岛湖东南湖区,5.0,1,0.0,119.119335,29.603274,https://dimg04.c-ctrip.com/images/0HJ4a12000g909fwu8160.jpg,,,145543608
上江埠大桥,杭州,浙江,千岛湖东南湖区,4.7,9,0.0,118.9779,29.542717,https://dimg04.c-ctrip.com/images/0103m120009ebhbsh3DAE.jpg,,,24332613
千岛湖风景区-温馨岛,杭州,浙江,千岛湖中心湖区,4.2,27,0.0,119.038849,29.643658,https://dimg04.c-ctrip.com/images/0106m120008e2hkqnC99A.jpg,体验潜水戏鱼的乐趣,,13826221
千岛湖镇夜游码头,杭州,浙江,千岛湖中心湖区,0.0,0,0.0,119.037573,29.610397,https://dimg04.c-ctrip.com/images/0100s12000lqfuhb0A808.jpg,,,145677280
千岛湖云端热气球俱乐部,杭州,浙江,千岛湖中心湖区,0.0,0,278.0,119.052456,29.684316,https://dimg04.c-ctrip.com/images/1lo4u12000e4ga9ya109F.jpg,,,146183090
杭州千岛湖牧心谷生态乐园,杭州,浙江,千岛湖中心湖区,0.0,0,0.0,119.000237,29.581279,https://dimg04.c-ctrip.com/images/1me2712000f5alesi4AB0.png,,,145474496
农夫山泉(千岛湖风景区店),杭州,浙江,千岛湖东南湖区,4.6,77,0.0,119.188253,29.497563,https://dimg04.c-ctrip.com/images/10091f000001gsq802C50.jpg,了解农夫山泉的生产过程,,30559090
千岛湖风景区-天屿明珠观岛公园,杭州,浙江,千岛湖中心湖区,4.6,7,0.0,119.021155,29.600454,https://dimg04.c-ctrip.com/images/100613000000u3esz3D4D.jpg,,,67608817
千岛湖梦想2号大型豪华游艇,杭州,浙江,千岛湖中心湖区,0.0,0,0.0,119.038146,29.609917,https://dimg04.c-ctrip.com/images/01051120008p3fof2501F.jpg,,,145846898
千岛湖西南湖区,杭州,浙江,文渊狮城/龙川湾景区,5.0,1,0.0,118.678822,29.47936,https://dimg04.c-ctrip.com/images/0105b12000f6pzdofCFFC.jpg,,,133528058
千岛湖梦想扬帆系列游船,杭州,浙江,千岛湖中心湖区,0.0,0,310.0,119.038291,29.610038,https://dimg04.c-ctrip.com/images/100m13000000va0yn2E85.jpg,"精品仿古游船, 慢游千岛湖",,61116160
羡山半岛,杭州,浙江,千岛湖东南湖区,5.0,1,0.0,119.128838,29.553902,https://dimg04.c-ctrip.com/images/0105w120009z86q4078BA.png,,,80075087
红叶湾景点,杭州,浙江,千岛湖中心湖区,2.3,9,0.0,118.970681,29.636708,https://dimg04.c-ctrip.com/images/01A2512000a73191w1923.jpg,有水上迷宫之称,,13644440
千岛湖风景区-开心锁岛,杭州,浙江,千岛湖中心湖区,4.0,46,0.0,119.013801,29.621093,https://dimg04.c-ctrip.com/images/0103k12000axjldwd4383.jpg,"锁主题小岛,挂锁许愿留念",,13822404
千岛湖啤酒温泉,杭州,浙江,千岛湖东南湖区,4.3,17,128.0,119.152637,29.615491,https://dimg04.c-ctrip.com/images/100f1f000001gq8me5443.jpg,,,49933918
幻想岛汽车小镇,杭州,浙江,千岛湖中心湖区,5.0,5,0.0,119.044493,29.621341,https://dimg04.c-ctrip.com/images/1lo0z12000b1dohoqF66D.png,,,136470488
千岛湖云舟直升机飞行体验(金西总店),杭州,浙江,千岛湖中心湖区,0.0,0,0.0,118.941479,29.619818,https://dimg04.c-ctrip.com/images/1lo1x12000c3x5aek566E.jpg,,,141207018
羡山植物园,杭州,浙江,千岛湖东南湖区,5.0,1,0.0,119.126711,29.557227,https://dimg04.c-ctrip.com/images/0107412000dvyw49u25BC.jpg,,,145651239
千岛湖沪马飞行营地,杭州,浙江,千岛湖中心湖区,5.0,1,0.0,118.807803,29.548833,https://dimg04.c-ctrip.com/images/1lo0m12000b2j2rdqA3FF.png,,,136636375
千岛湖长岭梯田,杭州,浙江,千岛湖镇,5.0,2,0.0,119.102953,29.644953,https://dimg04.c-ctrip.com/images/1mh5212000ovws65fF1B1.jpg,,,152838613
千岛湖东南湖区休闲艇(东南湖区旅游码头),杭州,浙江,千岛湖东南湖区,1.0,1,0.0,119.082072,29.591392,https://dimg04.c-ctrip.com/images/1lo2812000dh397q173F8.png,,,145018884
千岛湖网球公园,杭州,浙江,千岛湖中心湖区,5.0,2,0.0,119.053354,29.639733,https://dimg04.c-ctrip.com/images/01A43120009zaf5lhA09C.jpg,,,83717085
千岛湖环湖骑行,杭州,浙江,千岛湖东南湖区,0.0,0,0.0,119.06425,29.609655,https://dimg04.c-ctrip.com/images/0HJ0j12000g8j9k0dD918.jpg,,,148661879
千岛湖逐浪者水上运动中心,杭州,浙江,千岛湖东南湖区,4.9,9,0.0,119.149231,29.612566,https://dimg04.c-ctrip.com/images/0105q120008nj7h0z8A31.jpg,,,39200687
千岛湖-冠峰观景台,杭州,浙江,距市中心15.4km,0.0,0,0.0,119.217233,29.540136,https://dimg04.c-ctrip.com/images/0HJ7312000g2uefq70253.jpg,,,145582474
彩色缆车,杭州,浙江,千岛湖中心湖区,5.0,1,0.0,118.746691,29.522197,https://dimg04.c-ctrip.com/images/0104b120008lwn3u2A1EB.jpg,,,134384730
千岛湖未来水世界,杭州,浙江,千岛湖东南湖区,5.0,1,0.0,119.144409,29.613162,https://dimg04.c-ctrip.com/images/1lo1z12000bbt6bfc1878.jpg,,,139043630
千岛湖帆船中心,杭州,浙江,千岛湖东南湖区,5.0,1,0.0,119.002906,29.489634,https://dimg04.c-ctrip.com/images/1lo5812000b6fl9o0C708.jpg,,,136661142
梅峰岛-观景平台,杭州,浙江,千岛湖中心湖区,0.0,0,0.0,118.928353,29.593014,https://dimg04.c-ctrip.com/images/0HJ0p12000g65c85l2AF5.jpg,,,145256887
象鼻山景区,成都,四川,城中心/象鼻山/两江四湖,4.5,23810,0.0,110.302563,25.274604,https://dimg04.c-ctrip.com/images/100k0z000000nk0ag0DF4.jpg,酷似象鼻的标志性景观,5A,90682
桂林两江四湖景区,成都,四川,城中心/象鼻山/两江四湖,4.4,15766,175.0,110.310939,25.285937,https://dimg04.c-ctrip.com/images/1lo5k12000hxn30ne9D7D.jpg,乘船环湖赏桂林城景,5A,76822
独秀峰王城景区,成都,四川,城中心/象鼻山/两江四湖,4.8,22618,100.0,110.305629,25.287785,https://dimg04.c-ctrip.com/images/1lo4y12000jo9pky283AD.jpg,游明代王府登峰俯瞰桂林,5A,90680
龙脊梯田,成都,四川,距市中心57.4km,4.5,7007,80.0,110.146532,25.776829,https://dimg04.c-ctrip.com/images/350o15000000xok1k0D91.jpg,线条如行云流水层叠壮美,4A,10558732
漓江三星游船,成都,四川,距市中心19.8km,4.4,5161,190.0,110.439388,25.152906,https://dimg04.c-ctrip.com/images/100q1f000001gri9a3F3C.jpg,性价比游船之选,,15004457
漓江风景名胜区,成都,四川,距市中心32.6km,4.6,16194,190.0,110.470865,25.030097,https://dimg04.c-ctrip.com/images/01059120005qzc6xp3CF2.jpg,甲天下的山水风光,5A,75898
遇龙河竹筏漂游,成都,四川,遇龙河国家级旅游度假区,4.4,6308,198.0,110.406041,24.816279,https://dimg04.c-ctrip.com/images/0103t12000jhvnvgaFF83.jpg,筏在水上漂人在画中游,,10758988
桂林千古情,成都,四川,宋城千古情景区,4.7,4071,280.0,110.475296,24.776952,https://dimg04.c-ctrip.com/images/01005120008s6fb28FB96.jpg,再现桂林民族风情,,55447187
银子岩,成都,四川,距市中心72.1km,4.5,6453,65.0,110.446235,24.646643,https://dimg04.c-ctrip.com/images/tg/963/634/210/d97f27e0107044e1a3e992fbb763e027.jpg,惟妙惟肖的钟乳石群,4A,80161
《印象刘三姐》山水实景演出,成都,四川,印象刘三姐景区,4.0,15129,238.0,110.512876,24.771691,https://dimg04.c-ctrip.com/images/1lo2w12000c6xthtgAD6B.jpg,漓江山水间一场视觉饕餮,,10758276
漓江四星游船,成都,四川,距市中心21.5km,4.5,2095,265.0,110.440233,25.132989,https://dimg04.c-ctrip.com/images/1lo5912000gv3jq7o1991.jpg,高规格赏景游船,,15004503
阳朔如意峰索道景区,成都,四川,距市中心68.6km,4.7,1740,208.0,110.477762,24.685123,https://dimg04.c-ctrip.com/images/0101a12000a4t7qi49F79.jpg,畅享空中花园，体验新视角,,79559256
阳朔西街,成都,四川,西街/阳朔公园商业区,4.5,6248,0.0,110.501092,24.780962,https://dimg04.c-ctrip.com/images/0105z12000abrjn57B4E8.jpg,中西合璧风格的夜生活老街,4A,10558831
漓江竹筏游,成都,四川,二十元背景风景区/阳朔高铁站,4.3,1702,90.0,110.5291,24.928557,https://dimg04.c-ctrip.com/images/0105j12000f6q5ywyF0A1.jpg,欣赏黄布倒影美景,,18134134
遇龙河景区,成都,四川,遇龙河国家级旅游度假区,4.4,6915,0.0,110.43822,24.783726,https://dimg04.c-ctrip.com/images/0103w120005quonp495C1.jpg,清澈如镜的温婉小漓江,,80969
芦笛岩,成都,四川,芦笛岩/鲁家村,4.5,11731,82.0,110.279107,25.316611,https://dimg04.c-ctrip.com/images/fd/tg/g2/M06/3B/1A/CghzgFS-CJmAB9ZSAAbVCnUfIvg336.jpg,87版《西游记》取景地,4A,75890
芦笛景区,成都,四川,芦笛岩/鲁家村,4.7,61,0.0,110.278975,25.316735,https://dimg04.c-ctrip.com/images/0105o1200089wza4o038E.jpg,,,70368412
桂海晴岚,成都,四川,尧山景区/电子科大商圈,4.5,570,35.0,110.366287,25.271783,https://dimg04.c-ctrip.com/images/1lo0b12000esreyve7C81.jpg,湖泊与山峰融为一体,4A,130875050
十里画廊,成都,四川,遇龙河国家级旅游度假区,4.1,2018,0.0,110.498818,24.745948,https://dimg04.c-ctrip.com/images/0100812000j0uq65xB5BC.jpg,适合骑行的山水观光带,,84570
兴坪古镇,成都,四川,二十元背景风景区/阳朔高铁站,4.3,1124,0.0,110.538945,24.923286,https://dimg04.c-ctrip.com/images/0103p1200088mr92xA096.jpg,20元人民币背面图取景地,,82046
相公山景区,成都,四川,相公山度假区,4.4,591,62.0,110.48736,24.940368,https://dimg04.c-ctrip.com/images/100c1f000001gsx301486.jpg,登顶览“漓江第一湾”,,13676008
七星景区,成都,四川,会展中心/七星公园景区,4.7,6247,55.0,110.319858,25.27777,https://dimg04.c-ctrip.com/images/0102m120009f17aw74353.jpg,以骆驼山和七星岩闻名,4A,75892
世外桃源,成都,四川,距市中心46.8km,4.4,7099,55.0,110.395334,24.869524,https://dimg04.c-ctrip.com/images/1lo6v12000buxotbkA0CF.jpg,宛若陶公笔下人间仙境,4A,101132
独秀峰,成都,四川,城中心/象鼻山/两江四湖,4.9,4663,0.0,110.305667,25.287727,https://dimg04.c-ctrip.com/images/1lo5012000jo9z1a47D32.jpg,登顶俯瞰桂林城区,,75896
九马画山,成都,四川,相公山度假区,4.6,617,0.0,110.487686,24.928225,https://dimg04.c-ctrip.com/images/1A0g180000013ty1kD735.jpg,桂林经典景观之一,,84577
日月双塔文化公园,成都,四川,城中心/象鼻山/两江四湖,4.4,2040,30.0,110.301769,25.27808,https://dimg04.c-ctrip.com/images/0100x120007ymb8m66429.jpg,映照杉湖的地标景观,,83215
东西巷,成都,四川,城中心/象鼻山/两江四湖,4.4,306,0.0,110.306241,25.284832,https://dimg04.c-ctrip.com/images/0103712000f6u01uzBE4F.jpg,漫步在市区少有的历史街区,,28353330
叠彩山,成都,四川,城中心/象鼻山/两江四湖,4.6,3145,23.0,110.307882,25.295942,https://dimg04.c-ctrip.com/images/10030z000000nki1vC78A.jpg,俯瞰桂林全城和漓江胜景,5A,75889
20元人民币背景观景台,成都,四川,二十元背景风景区/阳朔高铁站,4.3,31,0.0,110.527775,24.928426,https://dimg04.c-ctrip.com/images/0100l12000m7x9y69EDB7.jpg,江岸两旁群山峻岭青山层叠,,69546182
桂林猫儿山,成都,四川,距市中心70.7km,4.5,632,130.0,110.463396,25.898789,https://dimg04.c-ctrip.com/images/0105g1200092lp7it5B7F.jpg,观赏日出，云海美景,4A,80158
桂林看日落,成都,四川,城中心/象鼻山/两江四湖,4.7,132,0.0,110.301011,25.274111,https://dimg04.c-ctrip.com/images/100s0h00000091wyb9EFB.jpg,,,148892931
漓江五星游船,成都,四川,距市中心21.5km,4.7,37,0.0,110.440233,25.132989,https://dimg04.c-ctrip.com/images/0104o120009zinpzzDA2A.jpg,,,134786346
桂林古东景区,成都,四川,距市中心24.8km,4.5,790,54.9,110.461534,25.110428,https://dimg04.c-ctrip.com/images/1lo3k12000miw2pxk609E.jpg,攀爬瀑布体验逆流而上,4A,13417911
阳朔旅拍,成都,四川,宋城千古情景区,0.0,0,0.0,110.474343,24.769393,https://dimg04.c-ctrip.com/images/0106d120008c1l8i5A61E.jpg,捕捉令人惊叹的美景,,148487234
龙颈河漂流,成都,四川,距市中心46.5km,4.6,798,228.0,110.59285,24.955657,https://dimg04.c-ctrip.com/images/0101g12000f6sgf15F0B4.jpg,特色的水上探险型漂流,,10547757
桂林天湖冰雪世界滑雪场,成都,四川,距市中心>100km,3.4,75,0.0,110.911794,26.144857,https://dimg04.c-ctrip.com/images/100s0q000000giyobE1EE.jpg,感受雪地驰骋的独特激情,,46782201
桂林融创国际旅游度假区,成都,四川,融创国际旅游度假区/大学城商圈,4.7,780,0.0,110.320745,25.05762,https://dimg04.c-ctrip.com/images/01052120008qov2zc101E.jpg,壮美漓歌展现壮族史诗,,118091268
正阳步行街,成都,四川,城中心/象鼻山/两江四湖,4.3,585,0.0,110.304307,25.281219,https://dimg04.c-ctrip.com/images/100m1a0000018j7ahF40F.jpg,逛街吃饭买伴手礼,,10524281
伏波山,成都,四川,城中心/象鼻山/两江四湖,4.3,682,20.0,110.310296,25.289362,https://dimg04.c-ctrip.com/images/0101h120009c5wkrf4FEB.jpg,登顶环望城区俯瞰漓江,5A,75893
龙脊梯田风景名胜区-金坑梯田,成都,四川,距市中心53.7km,4.4,440,0.0,110.115066,25.732155,https://dimg04.c-ctrip.com/images/0100e12000j4wvbkhCEAF.jpg,四面环山，梯田错落有致,,91967
桂林尧山景区,成都,四川,尧山景区/电子科大商圈,4.3,538,125.0,110.383687,25.299355,https://dimg04.c-ctrip.com/images/0102k12000lvagjee1143.jpg,登顶制高点远眺天然卧佛,4A,75897
大榕树,成都,四川,遇龙河国家级旅游度假区,3.7,2977,26.0,110.492709,24.737635,https://dimg04.c-ctrip.com/images/0103v12000m62btcdED1C.jpg,电影《刘三姐》取景地,,80971
七星岩,成都,四川,会展中心/七星公园景区,4.4,409,100.0,110.319826,25.277933,https://dimg04.c-ctrip.com/images/100g0u000000j1mr73AC9.jpg,神秘古老喀斯特溶洞,,10546407
黄洛红瑶寨,成都,四川,距市中心54.9km,4.5,126,0.0,110.139674,25.751987,https://dimg04.c-ctrip.com/images/0105r12000nv2y0gtE0AF.jpg,赏秀丽风景，感受红瑶民俗,,83152
天籁·蝴蝶泉,成都,四川,遇龙河国家级旅游度假区,4.0,1486,85.0,110.503424,24.744632,https://dimg04.c-ctrip.com/images/tg/536/241/941/abccce775d494cd4b5e0d8bd14dcf1b5.jpg,赏苗侗歌舞领略民族风情,4A,82733
龙脊梯田金坑大寨,成都,四川,龙脊金坑大瑶寨,4.8,15,0.0,110.158795,25.811731,https://dimg04.c-ctrip.com/images/0100n12000nfw7subF38A.jpg,,,149266688
木龙湖景区,成都,四川,城中心/象鼻山/两江四湖,3.9,421,40.0,110.307071,25.297453,https://dimg04.c-ctrip.com/images/0100712000qghvt6iF3EC.jpg,以 清明上河图 为蓝本,,101130
漓江兴坪段游船,成都,四川,二十元背景风景区/阳朔高铁站,4.7,3,0.0,110.537019,24.922883,https://dimg04.c-ctrip.com/images/0104v12000qj8tqf6BC46.jpg,,,149314885
桂林洞穴徒步,成都,四川,广西,4.3,7,0.0,110.116093,25.478268,https://dimg04.c-ctrip.com/images/01A1l120008htqe1f7EF9.jpg,,,153246495
冠岩,成都,四川,距市中心29.4km,4.3,1050,40.0,110.460853,25.058929,https://dimg04.c-ctrip.com/images/0101o120009d9u6sm9D7B.jpg,巨型地下河溶洞景观,4A,76827
阳朔千里江山图大型水墨画摄影基地,成都,四川,距市中心42.7km,5.0,5,0.0,110.422289,24.913595,https://dimg04.c-ctrip.com/images/0104812000ogzp9bpE506.jpg,,,150191868
桂林丹霞八角寨景区,成都,四川,距市中心>100km,4.5,393,108.0,110.735899,26.280088,https://dimg04.c-ctrip.com/images/1lo1b12000at0thzi90AF.jpg,在森林公园中户外探险,4A,82672
东漓古村,成都,四川,距市中心19.6km,4.7,40,40.0,110.468121,25.188354,https://dimg04.c-ctrip.com/images/0100d120002cun7nk7107.jpg,,4A,61912429
穿山景区,成都,四川,高新万达广场/高新区商圈,4.7,200,0.0,110.310695,25.258117,https://dimg04.c-ctrip.com/images/0105012000k2upysh4154.jpg,塔山清影与穿山岩溶洞,4A,83194
金龙桥,成都,四川,遇龙河国家级旅游度假区,4.2,83,0.0,110.399589,24.822311,https://dimg04.c-ctrip.com/images/0102i12000mt9yt6h9893.jpg,遇龙河的美景尽收眼底,,34568664
遇龙桥,成都,四川,遇龙河国家级旅游度假区,4.5,130,0.0,110.404934,24.815664,https://dimg04.c-ctrip.com/images/01007120008bwavm3C905.jpg,,,80966
聚龙潭,成都,四川,遇龙河国家级旅游度假区,3.6,391,49.0,110.489671,24.731051,https://dimg04.c-ctrip.com/images/100p0z000000nfvz30A95.jpg,观赏各式龙形钟乳石,,82734
刘三姐大观园,成都,四川,芦笛岩/鲁家村,3.3,829,73.0,110.276069,25.286649,https://dimg04.c-ctrip.com/images/0102h12000ms7tqlgD9E4.jpg,浓缩壮苗侗瑶文化风情,4A,10758374
《山水间》演出,成都,四川,万福广场/汽车南站/玉圭园商圈,3.1,157,125.0,110.305889,25.225486,https://dimg04.c-ctrip.com/images/100h1900000177033B06B.webp,大型桂林风情歌舞秀,,101139
桂林融创海世界,成都,四川,融创国际旅游度假区/大学城商圈,4.5,157,98.0,110.319314,25.058264,https://dimg04.c-ctrip.com/images/01012120008q45p19C886.jpg,雨林至深海全生态链展示,,120749532
千里江山图大型水墨画打卡地,成都,四川,距市中心42.3km,4.5,2,0.0,110.417315,24.915929,https://dimg04.c-ctrip.com/images/0101a12000n0iyzfu923C.jpg,,,152788183
漓江风景区-黄布倒影,成都,四川,二十元背景风景区/阳朔高铁站,4.4,167,0.0,110.495192,24.930201,https://dimg04.c-ctrip.com/images/1A0d1e000001fic6y041D.jpg,20元人民币的背景图,,83042
富里桥,成都,四川,距市中心50.8km,4.4,136,0.0,110.394559,24.83304,https://dimg04.c-ctrip.com/images/10080z000000mq4lbC232.jpg,观赏田园风光的好地方,,84567
灵渠,成都,四川,距市中心53.2km,4.3,654,43.0,110.691395,25.60473,https://dimg04.c-ctrip.com/images/0100612000f6scvk22E78.jpg,始于秦代的人工运河,4A,75894
恭城红岩村,成都,四川,距市中心83.3km,4.5,52,0.0,110.867342,24.735901,https://dimg04.c-ctrip.com/images/0101e12000kfet0vz4BD3.jpg,观赏古建筑和百年古柿树,4A,24649840
阳朔攀岩,成都,四川,宋城千古情景区,5.0,3,0.0,110.4746,24.773923,https://dimg04.c-ctrip.com/images/1A0w180000014fxo89277.jpg,攀岩爱好者的天堂,,148485250
龙胜温泉,成都,四川,温泉度假区,4.0,306,100.0,110.218878,25.897914,https://dimg04.c-ctrip.com/images/10021f000001gxbqeAF39.jpg,群山环绕的温泉池,4A,10758223
漓江万程号游船,成都,四川,距市中心21.5km,5.0,6,0.0,110.440338,25.13349,https://dimg04.c-ctrip.com/images/1lo3l12000e3wocg78E7F.jpg,,,147689070
大圩古镇,成都,四川,距市中心16.7km,4.1,222,0.0,110.43314,25.187929,https://dimg04.c-ctrip.com/images/0100f12000mz1sr5qC9B6.jpg,古迹众多的千年古镇,4A,82042
平安壮族梯田观景区,成都,四川,龙脊平安壮寨,4.6,49,0.0,110.133664,25.761164,https://dimg04.c-ctrip.com/images/0102912000nam7ksl7102.jpg,梯田如链似带,,13675882
山水甲天下,成都,四川,遇龙河国家级旅游度假区,4.8,6,0.0,110.492287,24.737994,https://dimg04.c-ctrip.com/images/0102612000mghyvu88EDF.jpg,漓江夜景无灯光污染,,126934642
靖江王府城门楼,成都,四川,宋城千古情景区,4.8,5,0.0,110.475392,24.777223,https://dimg04.c-ctrip.com/images/0106i12000lkujn8k32CF.png,,,145364969
飞拉达攀岩基地,成都,四川,宋城千古情景区,4.7,15,245.0,110.474655,24.773923,https://dimg04.c-ctrip.com/images/100w1f000001gwcz56962.jpg,体验攀岩的乐趣,,56376184
漓江源大峡谷,成都,四川,距市中心66.8km,4.6,187,40.0,110.476059,25.860384,https://dimg04.c-ctrip.com/images/1lo2x12000dbochi88425.jpg,世界旅游明珠漓江的正源,,94031
阳朔探洞,成都,四川,桂林,0.0,0,0.0,110.451102,24.707611,https://dimg04.c-ctrip.com/images/0102812000k36yb5r704A.jpg,,,153267143
桂林荔浦荔江湾,成都,四川,距市中心92.8km,4.2,286,0.0,110.338864,24.447638,https://dimg04.c-ctrip.com/images/100j0q000000gb03dF592.jpg,自然山体壁画景观,4A,83214
桂林热气球体验,成都,四川,遇龙河国家级旅游度假区,0.0,0,0.0,110.517366,24.747394,https://dimg04.c-ctrip.com/images/0102512000ixt4kap47C4.jpg,,,150059648
山水园,成都,四川,西街/阳朔公园商业区,4.5,302,20.0,110.5035,24.780448,https://dimg04.c-ctrip.com/images/0100n12000nmi8af9F934.jpg,滨江公园赏桂林山水,,80977
工农桥,成都,四川,遇龙河国家级旅游度假区,4.6,117,0.0,110.497538,24.740597,https://dimg04.c-ctrip.com/images/0106l12000imqrm8nEF08.jpg,可见经典景观骆驼过江,,94466
阳朔燕莎航空运动营地,成都,四川,遇龙河国家级旅游度假区,3.8,196,135.0,110.517671,24.746247,https://dimg04.c-ctrip.com/images/10040z000000moymsB297.jpg,,,30787836
老山界龙潭江景区,成都,四川,距市中心61.1km,5.0,6,49.9,110.442506,25.81528,https://dimg04.c-ctrip.com/images/0100h12000f6rr7gjF39E.png,,4A,131905106
逍遥楼,成都,四川,城中心/象鼻山/两江四湖,4.6,40,0.0,110.308336,25.284573,https://dimg04.c-ctrip.com/images/0100i12000g2og5mr80C8.jpg,唐代桂州城之东城楼,,24653847
相公山观景台,成都,四川,相公山度假区,3.9,7,0.0,110.48993,24.928824,https://dimg04.c-ctrip.com/images/0102x12000ipyq0r4554B.jpg,,,134715804
桂林博物馆,成都,四川,临桂新区/两江机场,4.7,108,0.0,110.171057,25.251654,https://dimg04.c-ctrip.com/images/0100h12000iqgm686D954.jpg,展示桂林人民勤劳与智慧,,82670
漓江阳朔竹筏游船中心,成都,四川,桂林火车站/万象城,5.0,3,0.0,110.290242,25.269846,https://dimg04.c-ctrip.com/images/0100j12000jw44o0s6CA7.jpg,,,149311647
龙脊梯田风景名胜区-古壮寨,成都,四川,龙脊平安壮寨,4.8,119,0.0,110.132552,25.760644,https://dimg04.c-ctrip.com/images/0104312000mwjbindDE8A.jpg,艺术家们竞相光顾的地方,,90681
漓江盛景号游船,成都,四川,距市中心19.5km,4.4,509,400.0,110.438094,25.155575,https://dimg04.c-ctrip.com/images/0103612000p0vzejvEA92.jpg,水上观光赏风景,,23938444
桂林西山景区,成都,四川,芦笛岩/鲁家村,4.1,453,27.5,110.282575,25.289416,https://dimg04.c-ctrip.com/images/01066120009ff8sy9365B.jpg,西庆林寺原址所在地,4A,101918
七星伴月观景台,成都,四川,龙脊平安壮寨,4.6,177,0.0,110.128926,25.761839,https://dimg04.c-ctrip.com/images/0104l12000in1jtnhBA4A.jpg,观七星伴月的奇美之景,,98766
杨堤码头,成都,四川,杨堤码头,4.8,8,0.0,110.462507,24.999464,https://dimg04.c-ctrip.com/images/0105d1200082722l2308B.jpg,,,148913521
一院两馆,成都,四川,临桂新区/两江机场,5.0,1,0.0,110.172373,25.250764,https://dimg04.c-ctrip.com/images/0100a12000ik7sc1qEA6F.jpg,,,130369324
月亮水岩,成都,四川,距市中心65.5km,5.0,22,0.0,110.451102,24.707611,https://dimg04.c-ctrip.com/images/1me5812000ob1f01g8DA1.jpg,洞内六层洞天相连贯通,,83158
桂花公社,成都,四川,桂林火车站/万象城,4.8,95,55.0,110.271297,25.286166,https://dimg04.c-ctrip.com/images/0102l120008qxgrcnA839.jpg,品桂识花懂桂林,4A,117918946
燕莎热气球飞行体验,成都,四川,遇龙河国家级旅游度假区,3.4,45,135.0,110.517366,24.747394,https://dimg04.c-ctrip.com/images/0104b12000f6ptsef8407.jpg,高空中观赏遇龙河美景,,33765161
九龙五虎观景台,成都,四川,龙脊平安壮寨,4.7,58,0.0,110.136258,25.764101,https://dimg04.c-ctrip.com/images/10051f000001gsu3aFC79.jpg,欣赏美丽的梯田,,13675888
桂林尧山索道,成都,四川,尧山景区/电子科大商圈,3.2,18,0.0,110.376135,25.298462,https://dimg04.c-ctrip.com/images/1lo0t12000gse7ncj7317.jpg,缆车中饱览层峦叠翠,,56807168
十里画廊-月亮山,成都,四川,遇龙河国家级旅游度假区,4.2,995,26.0,110.479374,24.731691,https://dimg04.c-ctrip.com/images/0101012000f6quwgq15AF.jpg,浑然天成山峰奇景,,80972
丰鱼岩,成都,四川,距市中心97.5km,4.5,316,45.0,110.355196,24.405797,https://dimg04.c-ctrip.com/images/1lo1m12000ifqnpgzB709.jpg,,4A,80162
永福天坑,成都,四川,距市中心35.4km,4.4,82,0.0,110.144815,24.996936,https://dimg04.c-ctrip.com/images/0100d12000k2alggx78EA.jpg,,,101145
金水岩,成都,四川,遇龙河国家级旅游度假区,2.6,293,90.0,110.48906,24.728016,https://dimg04.c-ctrip.com/images/0100b12000k36y43g7BFD.jpg,探险地下河岩洞,,83133
玉龙雪山,西安,陕西,玉龙雪山度假区,4.4,18475,60.0,100.216875,27.135998,https://dimg04.c-ctrip.com/images/10080h00000091sqyC8C0.jpg,近距离观看壮丽冰川,5A,75919
虎跳峡(香格里拉段),西安,陕西,虎跳峡,4.6,5727,45.0,100.148747,27.231759,https://dimg04.c-ctrip.com/images/0101a120007u6uxdt7118.jpg,看奔腾汹涌的江水,4A,10558694
泸沽湖,西安,陕西,距市中心>100km,4.7,10864,70.0,100.802029,27.680596,https://dimg04.c-ctrip.com/images/100t1f000001gqbm5EF3C.jpg,赏高原明珠，感云南民俗,4A,76332
丽江古城,西安,陕西,丽江古城,4.7,15125,0.0,100.242047,26.876464,https://dimg04.c-ctrip.com/images/100d0m000000dfh4kDA7D.jpg,百年古镇小桥流水古朴悠闲,5A,75924
玉龙雪山索道,西安,陕西,玉龙雪山度假区,4.4,1458,60.0,100.25989,27.105602,https://dimg04.c-ctrip.com/images/0107312000f6tv5gzE40B.jpg,近距离感受冰川魅力,,10543892
木府,西安,陕西,丽江古城,4.7,10881,40.0,100.24005,26.875365,https://dimg04.c-ctrip.com/images/0100g120008c4m8hw1A0C.jpg,《木府风云》等热剧取景地,,78639
蓝月谷,西安,陕西,玉龙雪山度假区,4.6,1666,0.0,100.255778,27.131717,https://dimg04.c-ctrip.com/images/100i0u000000jfyq97C62.jpg,雪山脚下静谧的池水,,91410
拉市海,西安,陕西,拉市海湿地度假区,4.3,5498,29.0,100.144578,26.882523,https://dimg04.c-ctrip.com/images/100e1f000001gt1yqCA73.jpg,清新优美的草原湿地,,80565
《印象丽江》演出,西安,陕西,玉龙雪山度假区,4.3,2281,180.0,100.264904,27.103044,https://dimg04.c-ctrip.com/images/10081f000001gqiyyFA19.jpg,以雪山为背景的大型演出,,10758688
束河古镇,西安,陕西,束河古镇,4.6,3139,0.0,100.20839,26.9236,https://dimg04.c-ctrip.com/images/10061a0000018ymtvA430.jpg,安静清幽的茶马古镇,4A,80042
丽江千古情,西安,陕西,丽江火车站地区,4.6,4979,280.0,100.225225,26.834055,https://dimg04.c-ctrip.com/images/0102x120008bg556z287C.jpg,观看精彩的千古情表演,,11077117
白沙古镇,西安,陕西,白沙古镇/地中海国际度假区,4.6,482,0.0,100.224711,26.96009,https://dimg04.c-ctrip.com/images/10081b000001a8ccz5B54.jpg,感受原生态古镇的安静,,80044
云杉坪索道,西安,陕西,玉龙雪山度假区,4.1,225,60.0,100.243817,27.136813,https://dimg04.c-ctrip.com/images/100p0z000000nq2eo9C21.jpg,远观玉龙雪山群峰,,94938
听花谷-丽江百花园,西安,陕西,距市中心10.1km,4.3,202,88.0,100.251887,26.949907,https://dimg04.c-ctrip.com/images/0106e12000h4dyj21DCF6.jpg,可亲手制作鲜花饼,,102828732
黑龙潭公园,西安,陕西,黑龙潭地区,3.5,895,0.0,100.247466,26.894257,https://dimg04.c-ctrip.com/images/10080y000000lszn9167B.jpg,拍雪山与古城的好去处,4A,75925
云杉坪,西安,陕西,距市中心31.4km,4.3,385,60.0,100.239862,27.142894,https://dimg04.c-ctrip.com/images/100h13000000twch6065A.jpg,大草坪前观看雪峰,,78646
狮子山,西安,陕西,丽江古城,4.5,885,31.78,100.236961,26.875902,https://dimg04.c-ctrip.com/images/100n11000000q85as760A.jpg,将古城与玉龙雪山一览无遗,,10543884
雪嵩村(玉湖村),西安,陕西,玉龙雪山度假区,4.0,124,0.0,100.219962,27.019444,https://dimg04.c-ctrip.com/images/1lo6212000lca2hct0292.png,雪山脚下宁静古村,,10520783
丽江旅拍,西安,陕西,丽江古城,4.7,6,0.0,100.241,26.8765,https://dimg04.c-ctrip.com/images/01A4d12000aaqi3rw938A.jpg,穿上民族服饰拍照,,148485695
冰川公园大索道,西安,陕西,距市中心31.2km,4.6,20,0.0,100.210309,27.140701,https://dimg04.c-ctrip.com/images/0103012000f1rach00624.jpg,上下站垂直高差1150米,,98276833
冰川公园,西安,陕西,玉龙雪山度假区,4.5,389,0.0,100.20337,27.103663,https://dimg04.c-ctrip.com/images/0103012000fja4n08A87E.jpg,近距离感受冰川和雪山,,10543840
拉市海湿地公园,西安,陕西,拉市海湿地度假区,4.1,300,29.0,100.146121,26.866888,https://dimg04.c-ctrip.com/images/350d160000010beugEB8B.jpg,黑颈鹤越冬栖息地,,67626578
丽江骑马,西安,陕西,束河古镇,4.0,6,0.0,100.2128,26.926337,https://dimg04.c-ctrip.com/images/10031f000001gs20p7FEE.jpg,穿行于山间湖畔,,148483146
泸沽湖格姆女神山索道,西安,陕西,尼塞度假区/格姆女神山索道,4.5,145,0.0,100.765437,27.745895,https://dimg04.c-ctrip.com/images/0106i12000pzm6oy26B02.jpg,,,56808639
万古楼,西安,陕西,丽江古城,4.4,1135,31.78,100.237725,26.876215,https://dimg04.c-ctrip.com/images/0105o12000f6pqe8dC027.jpg,可以拍摄古城全景,,80039
牦牛坪,西安,陕西,距市中心34.7km,4.4,207,65.0,100.251057,27.171811,https://dimg04.c-ctrip.com/images/0100l12000falcpdfC82B.jpg,欣赏草甸、拍摄雪山的佳地,,94940
四方街,西安,陕西,丽江古城,4.6,1466,0.0,100.240123,26.878073,https://dimg04.c-ctrip.com/images/fd/tg/g1/M0A/7E/7D/CghzfVWw7pOAaLyyABY9p9SuM-o632.jpg,古城地标小吃街食肆密集,,86495
拉市海茶马古道,西安,陕西,拉市海湿地度假区,4.4,854,0.0,100.166953,26.872626,https://dimg04.c-ctrip.com/images/10031f000001gs20p7FEE.jpg,骑马走古道，沿途景观丰富,,35810049
文海,西安,陕西,距市中心14.9km,4.6,96,0.0,100.170383,26.982159,https://dimg04.c-ctrip.com/images/0100y12000nuuvit3FC0E.jpg,清新草甸中的静谧湖泊,,91335
荒野之国,西安,陕西,束河古镇,3.9,17,80.0,100.220941,26.926483,https://dimg04.c-ctrip.com/images/0100x12000az98s7e9F1C.jpg,废旧物品化身创意艺术,,133820887
丽江千古情景区-实景剧场,西安,陕西,丽江火车站地区,5.0,12,0.0,100.226803,26.834573,https://dimg04.c-ctrip.com/images/0105i12000o2iiaxj88AE.jpg,摩梭花楼互动体验,,146100745
《丽水金沙》演出,西安,陕西,丽江市区,4.4,212,280.0,100.237256,26.8852,https://dimg04.c-ctrip.com/images/1lo2712000b307dhc2D2D.jpg,穿越回古老的纳西王国,,10759079
丽江国际民族文化交流中心,西安,陕西,丽江市区,0.0,0,0.0,100.237252,26.885177,https://dimg04.c-ctrip.com/images/0100u12000ma8m21n3D53.jpg,展示民族服饰乐器和工艺品,,31698341
丽江雪山观光火车,西安,陕西,距市中心9.2km,5.0,6,0.0,100.239998,26.943132,https://dimg04.c-ctrip.com/images/1lo2o12000k21dumwE467.png,,,150015802
甘海子,西安,陕西,玉龙雪山度假区,4.6,225,0.0,100.264486,27.096547,https://dimg04.c-ctrip.com/images/0102312000g2okj0t6937.jpg,雪山脚下的草甸牧场,,75920
蓝月湖,西安,陕西,玉龙雪山度假区,4.6,122,0.0,100.255608,27.130723,https://dimg04.c-ctrip.com/images/100o1f000001gp3vkE5DB.jpg,拍婚纱照的美丽背景,,13835589
大落水村,西安,陕西,大洛水码头商圈,4.6,311,0.0,100.775828,27.685369,https://dimg04.c-ctrip.com/images/0104h12000jpt412o2AC1.jpg,摩梭风情的木楞房建筑群,,87550
牦牛坪索道,西安,陕西,距市中心34.5km,4.2,20,65.0,100.268517,27.168859,https://dimg04.c-ctrip.com/images/0103712000p0nppz8AD2D.jpg,,,69342486
泸沽湖风景区-观景台,西安,陕西,距市中心>100km,4.6,593,0.0,100.814566,27.662073,https://dimg04.c-ctrip.com/images/0100x12000827qfwgDEE0.jpg,整个泸沽湖美景尽收眼底,,87532
格姆女神山,西安,陕西,尼塞度假区/格姆女神山索道,4.7,546,0.0,100.770911,27.747037,https://dimg04.c-ctrip.com/images/100q1b000001adgpp5F94.jpg,泸沽湖边的一座千年神山,,76333
大水车,西安,陕西,丽江古城,4.5,706,0.0,100.239902,26.881968,https://dimg04.c-ctrip.com/images/100b10000000p08b35B54.jpg,丽江古城的象征,,86497
泸沽湖篝火体验,西安,陕西,里格半岛商圈,0.0,0,0.0,100.758213,27.733194,https://dimg04.c-ctrip.com/images/1me4l12000e8pe6rfE22F.jpg,,,149675530
泸沽湖看日出,西安,陕西,尼塞度假区/格姆女神山索道,0.0,0,0.0,100.765437,27.745895,https://dimg04.c-ctrip.com/images/0103q12000fpexnmg86BE.jpg,,,149675520
观音峡,西安,陕西,距市中心10.4km,4.0,590,30.0,100.274543,26.77465,https://dimg04.c-ctrip.com/images/1lo0612000fouj2fcAD82.jpg,鬼斧神工的自然杰作,4A,10524244
玉龙雪山4680米石碑,西安,陕西,玉龙雪山度假区,4.8,9,0.0,100.203678,27.107531,https://dimg04.c-ctrip.com/images/0105l12000mpgo0qv85AB.jpg,,,140771830
丽江虎跳峡,西安,陕西,虎跳峡,5.0,5,0.0,100.169957,27.25701,https://dimg04.c-ctrip.com/images/1lo0w12000oetofe04853.jpg,,,152937126
丽江纳西文化体验,西安,陕西,丽江古城,4.7,3,0.0,100.24195,26.876527,https://dimg04.c-ctrip.com/images/0106p12000g2f1gfaCD28.jpg,,,149275376
玉龙骑马,西安,陕西,拉市海湿地度假区,4.1,7,0.0,100.1441,26.879177,https://dimg04.c-ctrip.com/images/0103212000epvkhn8EEF9.jpg,重走千年茶马古道,,148478023
古城忠义市场,西安,陕西,丽江古城,4.3,198,0.0,100.242078,26.872713,https://dimg04.c-ctrip.com/images/0101a12000m1yw901D866.jpg,感受纳西人的热情,,10523034
大研纳西古乐会,西安,陕西,丽江古城,4.8,545,78.0,100.240517,26.879653,https://dimg04.c-ctrip.com/images/1lo4412000ocsge5xC919.jpg,感受纳西古老的文明,,10758827
拉市海骑马,西安,陕西,拉市海湿地度假区,4.6,366,0.0,100.155856,26.865444,https://dimg04.c-ctrip.com/images/0101v12000mbk229k7B37.jpg,重走千年茶马古道,,33348394
雪山峡谷演艺公园,西安,陕西,玉龙雪山度假区,4.9,460,0.0,100.268965,27.013221,https://dimg04.c-ctrip.com/images/350n180000015dlq21BD6.jpg,峡谷内奇石、崖壁景色奇幻,,89423
金沙江观景台,西安,陕西,距市中心26.1km,4.4,11,0.0,100.442213,27.004707,https://dimg04.c-ctrip.com/images/0105712000b7en4e9E921.jpg,,,69546103
玉水寨,西安,陕西,玉龙雪山度假区,4.0,329,0.0,100.207497,27.005661,https://dimg04.c-ctrip.com/images/100d1f000001gor1071A1.jpg,观看神龙三叠水优美景观,4A,82180
丽江古城酒吧街,西安,陕西,丽江古城,4.4,60,0.0,100.240015,26.87968,https://dimg04.c-ctrip.com/images/0101x12000p0urb3iF968.jpg,体验丽江古城的热闹繁华,,51561495
丽江千古情景区-茶马古城,西安,陕西,丽江火车站地区,4.3,3,0.0,100.226171,26.833812,https://dimg04.c-ctrip.com/images/0106x12000o0ea5zwCC28.jpg,作坊林立的古街,,69538876
猪槽船游湖（里格码头）,西安,陕西,里格半岛商圈,4.3,28,0.0,100.75465,27.733943,https://dimg04.c-ctrip.com/images/0106u12000o3kr4yhA29F.jpg,,,33786059
【丽江】大落水锅庄篝火晚会,西安,陕西,大洛水码头商圈,3.4,80,0.0,100.77804,27.684907,https://dimg04.c-ctrip.com/images/01034120000h9ruzrCC6A.jpg,摩梭风情的歌舞盛宴,,33764991
东巴探险中心,西安,陕西,玉龙雪山度假区,4.9,8,0.0,100.269309,27.028517,https://dimg04.c-ctrip.com/images/0101k1200093cxeum01D1.jpg,原生态户外高空体验目的地,,93930380
里格半岛,西安,陕西,里格半岛商圈,4.6,617,0.0,100.758198,27.732891,https://dimg04.c-ctrip.com/images/100p1b0000019x43y952E.jpg,摩梭风情浓郁的湖畔半岛,,87536
大研花巷,西安,陕西,丽江古城,4.6,48,0.0,100.241523,26.879865,https://dimg04.c-ctrip.com/images/100s1f000001gx7e28980.jpg,沉浸式体感，领略纳西文化,,46790335
丽江星宸直升机基地,西安,陕西,白沙古镇/地中海国际度假区,5.0,7,298.0,100.239935,26.962591,https://dimg04.c-ctrip.com/images/1lo2d12000j7yoj90F337.jpg,,,150072163
白沙壁画,西安,陕西,白沙古镇/地中海国际度假区,3.9,128,0.0,100.2242,26.961491,https://dimg04.c-ctrip.com/images/0106612000p0y7ek3B2D7.jpg,精美绝伦古代绘画艺术,,75921
白水河,西安,陕西,玉龙雪山度假区,4.3,372,0.0,100.248755,27.132054,https://dimg04.c-ctrip.com/images/fd/tg/g2/M08/2E/58/Cghzf1W2LAqAUbYdAAiPzrNX4h4306.jpg,雪山脚下的洁白河水,,82181
龙女湖,西安,陕西,玉龙雪山度假区,4.5,8,0.0,100.230532,27.026977,https://dimg04.c-ctrip.com/images/0100g12000f6qrfa25511.jpg,玛尼堆祈福承纳西习俗,,89029922
玉龙雪山国家风景名胜区-玉龙雪山大索道上部站,西安,陕西,玉龙雪山度假区,5.0,1,0.0,100.207183,27.107636,https://dimg04.c-ctrip.com/images/1me4o12000pcrz9vaB8FB.jpg,,,148603251
丽江恋歌,西安,陕西,丽江火车站地区,4.7,10,0.0,100.226443,26.834571,https://dimg04.c-ctrip.com/images/100e0z000000nhp3e5D82.jpg,展现凄美爱情故事,,55877995
丽宁十八弯观景台,西安,陕西,距市中心22.5km,4.4,41,0.0,100.418842,26.978311,https://dimg04.c-ctrip.com/images/0100d12000ndxaubd575B.jpg,《千里走单骑》取景地,,10543829
丽江雪山猎鹰谷景区,西安,陕西,距市中心12.5km,4.5,115,0.0,100.26068,26.970262,https://dimg04.c-ctrip.com/images/0104v120009dyeqhl3FAC.jpg,领略鹰猎古老文明的魅力,,10548207
文昌宫,西安,陕西,丽江古城,4.8,106,0.0,100.238813,26.880271,https://dimg04.c-ctrip.com/images/0100s12000o2bha0444B1.jpg,拍摄大片绝佳胜地,,10543866
玉液湖,西安,陕西,玉龙雪山度假区,4.6,68,0.0,100.252358,27.131548,https://dimg04.c-ctrip.com/images/0104d12000o58oclw85D2.jpg,"天然形成的蓝色湖水奇幻无比, 碧蓝湖水宛如仙境",,13844830
丽江地中海国际度假区,西安,陕西,白沙古镇/地中海国际度假区,3.0,2,0.0,100.21846,26.984331,https://dimg04.c-ctrip.com/images/0104b12000f6r6vhgACAA.jpg,冰川融水滋养原生态草甸,,135924603
猪槽船游湖（大落水码头）,西安,陕西,大洛水码头商圈,4.3,58,0.0,100.780924,27.684482,https://dimg04.c-ctrip.com/images/01034120005otbog39070.jpg,乘猪槽船欣赏美丽的湖景,,33764331
玉龙雪山国际高尔夫俱乐部,西安,陕西,玉龙雪山度假区,4.9,40,0.0,100.272152,27.101403,https://dimg04.c-ctrip.com/images/100v0z000000o693920A2.jpg,在雪山球场享受挥杆乐趣,,10548211
情人滩,西安,陕西,距市中心>100km,4.4,118,0.0,100.756463,27.709286,https://dimg04.c-ctrip.com/images/100n0s000000i85vw555A.jpg,放松休闲的好地方,,10523375
摩梭之家,西安,陕西,里格半岛商圈,1.7,30,0.0,100.744554,27.733645,https://dimg04.c-ctrip.com/images/0101i12000neoc1gaE9DE.jpg,还保留着母系氏族形态,,18046251
丽江 · 丽江古城 | 瓦猫喜剧脱口秀 · 爆笑拼盘秀100min · 5组演员 ·  高质量喜剧演出,西安,陕西,黑龙潭地区,0.0,0,0.0,100.241182,26.886877,https://dimg04.c-ctrip.com/images/0100912000pvx0h3610D5.png,,,153423707
九鼎龙潭,西安,陕西,束河古镇,4.5,184,0.0,100.210391,26.93047,https://dimg04.c-ctrip.com/images/0104v12000o56bucdEE3B.jpg,碧水荡漾、环境清幽,,95392
金沙江三谷水景区,西安,陕西,距市中心19.4km,4.0,176,20.0,100.045497,26.906775,https://dimg04.c-ctrip.com/images/1A0f12000000sfnhc5CE6.jpg,欣赏优美的山水田园风光,,10543827
拉市海湿地.候鸟湾,西安,陕西,拉市海湿地度假区,4.7,126,0.0,100.15349,26.899298,https://dimg04.c-ctrip.com/images/0100q12000914dv8bBFFA.jpg,黑鹳等稀有鸟栖息地,,112647685
文海•雪山云端自然风景区,西安,陕西,距市中心14.9km,4.3,3,0.0,100.178456,26.985528,https://dimg04.c-ctrip.com/images/1lo1r12000g19q2da2790.jpg,,,148457772
里格观景台,西安,陕西,里格半岛商圈,5.0,1,0.0,100.75668,27.736094,https://dimg04.c-ctrip.com/images/0100e12000amjdplnAE65.jpg,,,136057584
玉柱擎天风景区,西安,陕西,玉龙雪山度假区,4.8,39,0.0,100.213905,27.02068,https://dimg04.c-ctrip.com/images/1A0k15000000xy6tl4512.jpg,集雪山、摩崖石刻于一体,,80929
古道藏家博物馆,西安,陕西,束河古镇,4.7,20,0.0,100.210794,26.92194,https://dimg04.c-ctrip.com/images/0105v12000a03jmjk7336.jpg,,,38404426
猎鹰谷射击俱乐部,西安,陕西,距市中心12.0km,5.0,2,0.0,100.254347,26.967255,https://dimg04.c-ctrip.com/images/01047120009sjgbm14886.png,,,69380075
石鼓镇,西安,陕西,距市中心27.1km,3.9,84,0.0,99.961967,26.870438,https://dimg04.c-ctrip.com/images/100m1f000001gzmst0CB8.jpg,拍摄长江第一湾景观,,80046
香巴拉牧场,西安,陕西,白沙古镇/地中海国际度假区,5.0,1,0.0,100.240863,26.966042,https://dimg04.c-ctrip.com/images/0103l12000mc3dw88F25F.jpg,,,151287726
拉市海安中马场,西安,陕西,拉市海湿地度假区,4.3,62,0.0,100.155856,26.865444,https://dimg04.c-ctrip.com/images/01037120009kjqqxj58DD.jpg,感受骑马的乐趣,,20365083
玉龙雪山飞行基地,西安,陕西,玉龙雪山度假区,4.8,9,0.0,100.243584,26.999578,https://dimg04.c-ctrip.com/images/1lo2w12000bqul3cd2149.jpg,,,131892520
丽江植物园,西安,陕西,白沙古镇/地中海国际度假区,0.0,0,0.0,100.234859,26.946824,https://dimg04.c-ctrip.com/images/0HJ2m12000g6ej0zpD983.jpg,,,145631608
摩梭人博物馆,西安,陕西,大洛水码头商圈,4.7,99,0.0,100.774578,27.686007,https://dimg04.c-ctrip.com/images/0104b12000f6re1lk3F79.jpg,,,10522914
老君山景区,西安,陕西,距市中心47.9km,4.2,132,0.0,99.752684,26.888628,https://dimg04.c-ctrip.com/images/100l1f000001gqhc10766.jpg,感受踩千龟于脚下的奇特,,75927
镜潭湖,西安,陕西,玉龙雪山度假区,4.5,42,0.0,100.252727,27.131537,https://dimg04.c-ctrip.com/images/0103l120008c030416AE5.jpg,湖水清澈见底颜色纯粹,,13844781
木府-护法殿,西安,陕西,丽江古城,4.5,3,0.0,100.240043,26.8754,https://dimg04.c-ctrip.com/images/0104q12000f6qed4oD3A5.jpg,,,51561511
四方街篝火晚会,西安,陕西,丽江古城,4.5,16,0.0,100.240699,26.87794,https://dimg04.c-ctrip.com/images/0103812000f6r023yE439.jpg,,,33785694
丽江古城狮子山观景台,西安,陕西,丽江古城,4.3,3,0.0,100.23678,26.877962,https://dimg04.c-ctrip.com/images/01038120008c4wh5m5012.jpg,欣赏景色胜地,,69345450
玉龙雪山有风牧场,西安,陕西,距市中心11.9km,5.0,1,0.0,100.24681,26.967243,https://dimg04.c-ctrip.com/images/1lo1b12000knh2yi199B1.jpg,,,144970115
丽江千古情大剧院,西安,陕西,丽江火车站地区,0.0,0,0.0,100.226913,26.833136,https://dimg04.c-ctrip.com/images/0102312000evgcdz1D38E.jpg,,,145572856
下虎跳,西安,陕西,虎跳峡,4.4,31,0.0,100.205589,27.298265,https://dimg04.c-ctrip.com/images/0100912000f6qwtu12719.jpg,纵深1公里的巨大深壑,,93612
秦始皇帝陵博物院(兵马俑),广州,广东,兵马俑/华清宫旅游区,4.7,130504,120.0,109.288514,34.392111,https://dimg04.c-ctrip.com/images/0104012000f6rbl4996B9.jpg,秦始皇的地下御林军,5A,75682
陕西历史博物馆,广州,广东,小寨/陕西历史博物馆,4.7,30994,0.0,108.961495,34.230523,https://dimg04.c-ctrip.com/images/0103k120006t7ckgl8C33.jpg,在浩瀚珍贵文物中穿梭时光,4A,75684
西安城墙,广州,广东,钟鼓楼/西安古城,4.6,57159,54.0,108.953516,34.281953,https://dimg04.c-ctrip.com/images/0100f120005q6fsy8B56A.jpg,十三朝古都的历史见证,5A,75686
华山,广州,广东,,4.7,50745,80.0,110.073351,34.497775,https://dimg04.c-ctrip.com/images/100s0u000000j3fyv47C7.jpg,以奇险出名的五岳之一,5A,98212
大唐不夜城,广州,广东,大雁塔/大唐不夜城,4.5,1913,0.0,108.970472,34.220108,https://dimg04.c-ctrip.com/images/100c1f000001gsxqd9E36.jpg,充满了唐风元素,,10557626
华清宫,广州,广东,兵马俑/华清宫旅游区,4.6,27421,108.0,109.221499,34.365099,https://dimg04.c-ctrip.com/images/100510000000o6ke620CB.jpg,唐玄宗和杨贵妃的共浴之地,5A,75681
《长恨歌》演出,广州,广东,兵马俑/华清宫旅游区,4.5,22595,174.0,109.218973,34.369948,https://dimg04.c-ctrip.com/images/0104z12000jc0adccE9D8.jpg,杨贵妃与唐明皇的千古爱情,,10758966
西安钟楼,广州,广东,钟鼓楼/西安古城,4.5,21426,30.0,108.953509,34.26562,https://dimg04.c-ctrip.com/images/100e11000000qbyl6C011.jpg,历史悠久的古城标志性建筑,,84631
大唐芙蓉园,广州,广东,大雁塔/大唐不夜城,4.3,26009,0.0,108.980724,34.218949,https://dimg04.c-ctrip.com/images/100b0x000000lggsmC514.jpg,在昔日皇家御苑中再现辉煌,5A,81938
西安逛博物馆,广州,广东,钟鼓楼/西安古城,4.5,309,0.0,108.95346,34.26568,https://dimg04.c-ctrip.com/images/1lo2z12000p5ss05wFBDC.jpg,,,151553160
西安博物院,广州,广东,永宁门/西安博物院,4.5,2663,0.0,108.948103,34.244737,https://dimg04.c-ctrip.com/images/0101012000hxh20bmDE96.jpg,了解十三朝古都的发展史,4A,10532757
长安十二时辰主题街区,广州,广东,大雁塔/大唐不夜城,4.1,4828,68.0,108.9723,34.218682,https://dimg04.c-ctrip.com/images/01073120009riwid0BBDB.jpg,全唐市井文化体验地,,133979300
陕西考古博物馆,广州,广东,长安大学城,4.8,1521,0.0,108.888776,34.123865,https://dimg04.c-ctrip.com/images/0104712000hynsr2a2145.jpg,,,133987592
大雁塔,广州,广东,大雁塔/大唐不夜城,4.7,10171,10.0,108.970601,34.224527,https://dimg04.c-ctrip.com/images/10030x000000lfz4dB443.jpg,舍利和玄奘法师顶骨存放地,5A,75680
大明宫国家遗址公园,广州,广东,大明宫遗址公园/西安站,4.1,8833,60.0,108.970024,34.299233,https://dimg04.c-ctrip.com/images/10011f000001h396493C8.jpg,重现大唐的辉煌宫殿群,5A,84625
西安碑林博物馆,广州,广东,钟鼓楼/西安古城,4.6,9522,85.0,108.959139,34.26019,https://dimg04.c-ctrip.com/images/10071f000001h70jcC839.jpg,阅览书法名家碑刻精品,5A,101097
赳赳大秦,广州,广东,汉长安遗址公园/三桥,4.9,1375,239.0,108.835021,34.267269,https://dimg04.c-ctrip.com/images/1lo5d12000fa23v49D0F6.png,演绎黑夫传奇成长史,,148428478
西安鼓楼,广州,广东,钟鼓楼/西安古城,4.6,8262,30.0,108.949962,34.26642,https://dimg04.c-ctrip.com/images/100o10000000oik0e8128.jpg,夜景震撼的古城标志性建筑,,13219372
大雁塔文化休闲景区,广州,广东,大雁塔/大唐不夜城,4.5,2,0.0,108.97095,34.225887,https://dimg04.c-ctrip.com/images/0101h12000mc124mq0CD8.jpg,,,151934339
回民街,广州,广东,钟鼓楼/西安古城,4.3,12977,0.0,108.950137,34.266827,https://dimg04.c-ctrip.com/images/0100w12000mr1jn5aA653.jpg,古老的街区内吃遍西安美食,,10559031
《驼铃传奇》秀,广州,广东,国展中心/浐灞国际港务区,4.5,2355,258.0,109.028328,34.358215,https://dimg04.c-ctrip.com/images/100n1f000001gpcr4259E.jpg,演绎传奇驼道的实景演出,,48557080
高家大院,广州,广东,钟鼓楼/西安古城,4.3,3145,14.91,108.949676,34.269041,https://dimg04.c-ctrip.com/images/100m1f000001gzoouEBC7.jpg,回民街上的百年官宦大院,,89194
西安秦岭野生动物园,广州,广东,秦岭环山路/野生动物园,4.4,8186,80.0,108.87337,34.053422,https://dimg04.c-ctrip.com/images/0106412000aroov86FB9F.jpg,观看放养的各类猛兽,4A,89229
华夏文旅西安度假区,广州,广东,国展中心/浐灞国际港务区,4.5,1049,0.0,109.026519,34.356691,https://dimg04.c-ctrip.com/images/10081f000001gqfx35077.jpg,以会跑的实景演艺闻名遐迩,,50961271
大慈恩寺,广州,广东,大雁塔/大唐不夜城,0.0,0,10.0,108.970584,34.224298,https://dimg04.c-ctrip.com/images/0103y1200087cu6nt8303.jpg,唐代皇家寺院，宏伟壮丽,,69154461
永兴坊,广州,广东,钟鼓楼/西安古城,4.5,490,0.0,108.976582,34.27118,https://dimg04.c-ctrip.com/images/100a1d000001ejpmr13FC.jpg,唐朝时为宰相魏征府邸,,39706665
西安千古情,广州,广东,国展中心/浐灞国际港务区,4.6,3427,192.0,109.07383,34.325888,https://dimg04.c-ctrip.com/images/0105s12000arp9hxoE129.png,西安宋城千古情寻民族记忆,,88954644
钟鼓楼广场,广州,广东,钟鼓楼/西安古城,4.7,2227,0.0,108.949104,34.265937,https://dimg04.c-ctrip.com/images/0104g12000mrstxae60AB.jpg,西安的市中心,,13826529
终南山南五台景区,广州,广东,秦岭环山路/野生动物园,4.6,1264,25.0,108.979582,34.007502,https://dimg04.c-ctrip.com/images/0100z12000aerimmq889E.jpg,佛教名山与皇家避暑之地,4A,76841
西安世博园,广州,广东,国展中心/浐灞国际港务区,4.6,509,0.0,109.067191,34.329087,https://dimg04.c-ctrip.com/images/0100l120007tacpkq5758.jpg,领略世界各地的园林艺术,4A,101100
西安 · 颜人中「MOMENTⁿ」2026世界巡回演唱会-西安站,广州,广东,国展中心/浐灞国际港务区,0.0,0,380.0,109.033434,34.380311,https://dimg04.c-ctrip.com/images/0102j12000qj59q9pFC81.jpg,,,153440542
西安看皮影戏表演,广州,广东,钟鼓楼/西安古城,4.3,52,0.0,108.950155,34.26667,https://dimg04.c-ctrip.com/images/1lo1a12000pea6qz7090C.png,,,148849024
西安汉服体验,广州,广东,大雁塔/大唐不夜城,4.6,135,0.0,108.981465,34.219076,https://dimg04.c-ctrip.com/images/100f1f000001gl39qF2DE.jpg,,,149275327
曲江海洋极地公园,广州,广东,大雁塔/大唐不夜城,4.0,5534,99.0,108.987097,34.221467,https://dimg04.c-ctrip.com/images/100v0r000000hnipp2495.jpg,看企鹅北极熊还有海豚表演,4A,84628
《复活的军团》演出,广州,广东,兵马俑/华清宫旅游区,4.8,3049,268.0,109.240298,34.386401,https://dimg04.c-ctrip.com/images/0101812000f6ugk5u1B90.jpg,随军沉浸体验战场历程,,95247050
西安citywalk,广州,广东,陕西,4.7,78,0.0,108.95346,34.26568,https://dimg04.c-ctrip.com/images/0105w12000hxgt7fa9F99.jpg,,,151074787
小雁塔遗址公园,广州,广东,永宁门/西安博物院,4.7,1912,0.0,108.948481,34.245452,https://dimg04.c-ctrip.com/images/0106t12000f6sdcnr0148.jpg,保存至今的唐代古塔,,76737
秦岭四宝科学公园,广州,广东,距市中心61.5km,4.9,739,20.0,108.330267,34.06664,https://dimg04.c-ctrip.com/images/1lo1m12000ntztde6A3D0.jpg,,,127551979
华夏文旅海洋公园,广州,广东,国展中心/浐灞国际港务区,4.5,3813,99.0,109.026533,34.356726,https://dimg04.c-ctrip.com/images/1lo1012000cmx09sp7689.jpg,融合地域民俗的海洋公园,,48557079
翠华山·秦岭终南山世界地质公园,广州,广东,秦岭环山路/野生动物园,4.7,2107,40.0,109.014424,33.968178,https://dimg04.c-ctrip.com/images/0100g120009cl8nm22C23.jpg,山崩地裂奇观,4A,75678
终南山,广州,广东,距市中心37.0km,4.6,145,0.0,109.074035,33.948746,https://dimg04.c-ctrip.com/images/100m1f000001gzon8658E.jpg,神雕侠侣里的终南山,,15009120
秦始皇兵马俑1号陪葬坑,广州,广东,兵马俑/华清宫旅游区,4.6,267,120.0,109.284809,34.389449,https://dimg04.c-ctrip.com/images/0100d120008npi7ml645E.jpg,规模宏大的一号坑俑,,69722564
陕西自然博物馆,广州,广东,电子城地区,4.5,1578,30.0,108.953023,34.202392,https://dimg04.c-ctrip.com/images/0102812000lwsnd40836B.jpg,儿童科普类博物馆,4A,13826401
秦始皇兵马俑2号陪葬坑,广州,广东,兵马俑/华清宫旅游区,4.4,287,0.0,109.285597,34.390416,https://dimg04.c-ctrip.com/images/0102o12000naq4two367F.jpg,,,148635521
西安半坡博物馆,广州,广东,唐都医院/纺织城,4.6,2785,40.0,109.059823,34.27891,https://dimg04.c-ctrip.com/images/1lo3o12000e2wv5qt74D7.png,展现六千年前的陶器艺术,4A,75679
骊山,广州,广东,兵马俑/华清宫旅游区,4.4,1147,0.0,109.221609,34.36273,https://dimg04.c-ctrip.com/images/100i10000000or9ly5EF6.jpg,访烽火戏诸侯发生地,,76835
西安电影制片厂·西影电影博物馆,广州,广东,大雁塔/大唐不夜城,4.6,609,68.9,108.978668,34.227702,https://dimg04.c-ctrip.com/images/0100l12000f6s1ews9AC5.jpg,全面展现电影历史与艺术,,71516576
广仁寺,广州,广东,钟鼓楼/西安古城,4.8,365,0.0,108.932441,34.280489,https://dimg04.c-ctrip.com/images/0104812000f6t3tg9CE40.jpg,,4A,84623
翠华山滑雪场,广州,广东,秦岭环山路/野生动物园,4.0,285,158.0,109.03021,33.974236,https://dimg04.c-ctrip.com/images/0102812000inmqptm2A38.jpg,秦岭第一天然雪场,,93991
骑行古城墙,广州,广东,永宁门/西安博物院,4.5,169,0.0,108.953326,34.256373,https://dimg04.c-ctrip.com/images/0106712000m9er0kt1BF3.jpg,骑行游览古城墙,,33777717
大兴善寺,广州,广东,小寨/陕西历史博物馆,4.6,259,0.0,108.949999,34.23336,https://dimg04.c-ctrip.com/images/0103e12000f6qv3584BC8.jpg,历史悠久的佛寺,,80245
秦始皇帝陵博物院-丽山园,广州,广东,兵马俑/华清宫旅游区,4.6,992,0.0,109.265741,34.388236,https://dimg04.c-ctrip.com/images/0103o12000m4q5nu78B19.jpg,千古一帝秦始皇的陵墓,,76739
西安城市观光车,广州,广东,大雁塔/大唐不夜城,4.5,334,49.9,108.972395,34.227634,https://dimg04.c-ctrip.com/images/0101j120009kel3sf38B7.jpg,城市观光,,134049933
青龙寺,广州,广东,大雁塔/大唐不夜城,4.6,538,0.0,108.996352,34.238549,https://dimg04.c-ctrip.com/images/100t1f000001gqcfa71C1.jpg,日本佛教真言宗的祖庭,,75685
大雁塔北广场音乐喷泉,广州,广东,大雁塔/大唐不夜城,4.5,903,0.0,108.970583,34.227203,https://dimg04.c-ctrip.com/images/100j1f000001gpuabD343.jpg,亚洲较大音乐喷泉之一,,10557620
水陆庵,广州,广东,距市中心45.6km,4.8,13,0.0,109.423702,34.138129,https://dimg04.c-ctrip.com/images/0104412000mb9kktvD396.jpg,,,145190684
长安云·西安科技馆,广州,广东,国展中心/浐灞国际港务区,4.5,192,60.0,109.024338,34.387743,https://dimg04.c-ctrip.com/images/1lo1w12000hp9dt5g82D0.jpg,,,149615975
白鹿原滑雪场,广州,广东,白鹿原地区,4.0,468,39.0,109.101024,34.222726,https://dimg04.c-ctrip.com/images/0101q12000f6t5z5wC83C.jpg,"综合性滑雪基地, 戏雪赏雪的好地方",,10758863
骊山索道,广州,广东,兵马俑/华清宫旅游区,4.3,325,20.0,109.218337,34.367039,https://dimg04.c-ctrip.com/images/0105w12000f6ry2630B01.jpg,看华清宫全景,,61113026
秦岭风景区,广州,广东,距市中心48.8km,4.9,17,0.0,108.814095,33.842425,https://dimg04.c-ctrip.com/images/0102112000mac50xu7C9F.jpg,山峦奇特，风光壮丽,,69573794
永宁门,广州,广东,永宁门/西安博物院,4.6,398,0.0,108.953427,34.257579,https://dimg04.c-ctrip.com/images/10010x000000lr669CE8C.jpg,西安城墙的正门,,13811516
《梦回大唐》演出,广州,广东,大雁塔/大唐不夜城,4.0,793,231.8,108.980306,34.216341,https://dimg04.c-ctrip.com/images/1lo4c12000dclok0n5A85.jpg,大型超维度情景舞剧,,100219
西安 · 韩红2025“我想成为你”巡回演唱会- 西安站,广州,广东,国展中心/浐灞国际港务区,0.0,0,580.0,109.033434,34.380311,https://dimg04.c-ctrip.com/images/0101q12000pv9n4dyEC4F.png,,,153416902
巧克巧蔻·巧克力博物馆(西安大唐不夜城馆),广州,广东,大雁塔/大唐不夜城,4.8,78,29.6,108.970044,34.219421,https://dimg04.c-ctrip.com/images/1lo4o12000iunntja6D58.jpg,,,145186573
西安事变纪念馆,广州,广东,钟鼓楼/西安古城,0.0,296,0.0,108.974159,34.263485,https://dimg04.c-ctrip.com/images/01031120009dnlnij6BC6.jpg,,,76740
西安 · 杨丞琳《房间里的大象》巡回演唱会-西安站,广州,广东,国展中心/浐灞国际港务区,0.0,0,0.0,109.033434,34.380311,https://dimg04.c-ctrip.com/images/0100u12000quldxt4C44D.jpg,,,153417718
白鹿原·白鹿仓,广州,广东,白鹿原地区,3.6,401,0.0,109.1215,34.223709,https://dimg04.c-ctrip.com/images/350q1b000001appjiD0D4.jpg,还原当年白鹿原的生活风俗,4A,31679043
西安 · 郭富城ICONIC世界巡回演唱会-西安站,广州,广东,国展中心/浐灞国际港务区,0.0,0,480.0,109.033434,34.380311,https://dimg04.c-ctrip.com/images/0102i12000q9g6r33F877.jpg,,,153449836
太平国家森林公园,广州,广东,秦岭环山路/野生动物园,4.6,1053,39.0,108.659564,33.915941,https://dimg04.c-ctrip.com/images/1lo0h12000b8cywegDD46.jpg,拥有西北少见的高山瀑布,4A,88969
陕西历史博物馆秦汉馆,广州,广东,距西安18.0km,4.8,315,0.0,108.870703,34.41238,https://dimg04.c-ctrip.com/images/0106k12000hzo92avC9F7.jpg,,,143362467
西安秦腔表演,广州,广东,钟鼓楼/西安古城,4.3,3,0.0,108.949705,34.268966,https://dimg04.c-ctrip.com/images/1lo2y12000pji1wjkC5A8.png,,,148849145
白鹿原影视城,广州,广东,距市中心36.7km,4.3,569,0.0,109.28466,34.082557,https://dimg04.c-ctrip.com/images/0101v12000jzuxfv31AD9.jpg,,4A,29909679
西安九号宇宙航天科普馆,广州,广东,大雁塔/大唐不夜城,4.4,223,108.0,108.962563,34.197415,https://dimg04.c-ctrip.com/images/1lo0i12000eheypu6BABD.jpg,,,55705184
西安城墙护城河智能游船,广州,广东,永宁门/西安博物院,4.6,105,0.0,108.930944,34.257218,https://dimg04.c-ctrip.com/images/1lo4612000l68ajo48E2E.jpg,,,136057609
西安热雪奇迹,广州,广东,国展中心/浐灞国际港务区,4.9,173,228.0,109.071416,34.377072,https://dimg04.c-ctrip.com/images/0102312000f6tmaq3041D.jpg,约4000㎡的超大雪上乐园,,136576069
西安非遗大剧院(大雁塔北广场),广州,广东,大雁塔/大唐不夜城,4.5,60,39.9,108.971903,34.226973,https://dimg04.c-ctrip.com/images/0106m12000h8e5vkbF688.jpg,皮影戏巧妙演绎世间百态,,115335809
朱雀国家森林公园,广州,广东,距市中心59.3km,4.6,379,25.0,108.603475,33.818709,https://dimg04.c-ctrip.com/images/100h1f000001grsu720C0.jpg,山中森林茂密风景秀丽,4A,10538847
西安交通大学(兴庆校区),广州,广东,西安交大/李家村,4.7,231,0.0,108.990634,34.252008,https://dimg04.c-ctrip.com/images/0105612000bbdzovfDFA0.jpg,中国高等学府,,13822222
书院门步行街,广州,广东,钟鼓楼/西安古城,4.5,525,0.0,108.954735,34.259194,https://dimg04.c-ctrip.com/images/0106m12000f73iqaeAB03.jpg,充满了书卷气息的步行街,,84640
临潼悦椿温泉,广州,广东,兵马俑/华清宫旅游区,4.5,530,188.0,109.185037,34.36797,https://dimg04.c-ctrip.com/images/1lo0g12000dd0890t1E88.jpg,占地面积九千平方米,,23830641
大雁塔北广场,广州,广东,大雁塔/大唐不夜城,4.5,1116,0.0,108.970731,34.227315,https://dimg04.c-ctrip.com/images/0101e1200085zze5kACE8.jpg,观赏流光溢彩的音乐喷泉,,84692
西安欢乐谷·玛雅海滩,广州,广东,诗经里/西安欢乐谷,4.4,733,168.0,108.745561,34.248655,https://dimg04.c-ctrip.com/images/1lo4l12000asnz6m93984.jpg,融合神秘玛雅元素,,124908294
秦陵地宫,广州,广东,兵马俑/华清宫旅游区,4.0,475,188.0,109.246918,34.387127,https://dimg04.c-ctrip.com/images/1lo0t12000huodxtm2448.jpg,展现了秦始皇陵的雄伟,,98144
《古城烽火》秀,广州,广东,距市中心12.4km,4.9,152,99.0,109.028328,34.358215,https://dimg04.c-ctrip.com/images/1lo6e12000kjqkafl1CBC.jpg,水幕爆破融合实景城墙,,150119527
中国秦腔艺术博物馆·秦风源剧场,广州,广东,钟鼓楼/西安古城,4.8,210,29.9,108.955274,34.267727,https://dimg04.c-ctrip.com/images/0HJ2l12000qhulfym7094.jpg,板胡演奏尽显秦腔特色,,44773623
西安 · 老狼《纯真年代》巡回演唱会,广州,广东,大雁塔/大唐不夜城,0.0,0,0.0,108.96956,34.215988,https://dimg04.c-ctrip.com/images/0101812000cf2q7bqAAFC.png,,,152846528
秦始皇帝陵博物院-铜车马博物馆,广州,广东,兵马俑/华清宫旅游区,4.7,490,0.0,109.260565,34.383964,https://dimg04.c-ctrip.com/images/0106p12000o2335zkB107.jpg,保存完整的古代青铜车马,,13849250
大唐西市博物馆,广州,广东,大唐西市,4.4,479,55.0,108.91452,34.253175,https://dimg04.c-ctrip.com/images/0101h12000f6sg55j0056.jpg,这里是唐代的国际商贸中心,4A,101091
秦兵马俑二号坑遗址大厅,广州,广东,兵马俑/华清宫旅游区,4.7,202,0.0,109.285536,34.390322,https://dimg04.c-ctrip.com/images/0106g12000eyth9hu2F85.jpg,拥有千余个保存完好的陶俑,,52102295
《长安宾礼·梦长安一大唐迎宾盛礼》演出,广州,广东,永宁门/西安博物院,4.5,333,180.0,108.953381,34.256923,https://dimg04.c-ctrip.com/images/35031e000001fv9nv2A9A.jpg,领略大唐盛世的雄浑壮阔,,23124956
陕西唐三彩艺术博物馆,广州,广东,西安交大/李家村,4.9,43,50.0,108.990945,34.262313,https://dimg04.c-ctrip.com/images/1lo6912000d9pryexDF78.jpg,,,79437824
西安 · 【大笑喜剧】大唐不夜城脱口秀｜天天综艺卡司｜吐槽爆笑大会｜开心互动,广州,广东,大雁塔/大唐不夜城,0.0,0,0.0,108.971241,34.214016,https://dimg04.c-ctrip.com/images/0105i12000j3x1im29A24.png,天天综艺卡司轮番出演,,150061745
秦岭国家植物园,广州,广东,距市中心58.9km,4.1,190,0.0,108.362264,34.063669,https://dimg04.c-ctrip.com/images/01018120008q4putj0071.jpg,面积宽广，植被分带清晰,4A,38377491
西安拓片制作,广州,广东,钟鼓楼/西安古城,5.0,1,0.0,108.959225,34.260202,https://dimg04.c-ctrip.com/images/0102u12000ht0ifu51DD3.jpg,,,149275326
西安华夏文旅水世界,广州,广东,国展中心/浐灞国际港务区,4.6,1294,158.0,109.025402,34.354262,https://dimg04.c-ctrip.com/images/100k0v000000k1jyy0345.jpg,可欣赏独特的水上巡游表演,,53562341
青曲社,广州,广东,钟鼓楼/西安古城,4.4,557,87.0,108.950059,34.264367,https://dimg04.c-ctrip.com/images/100a0n000000eerb46601.jpg,老剧院里欣赏传统曲艺表演,,39866447
大唐芙蓉园《大唐追梦》,广州,广东,大雁塔/大唐不夜城,4.4,219,0.0,108.980295,34.219464,https://dimg04.c-ctrip.com/images/1lo6312000o18kigs1624.jpg,一池曲江水，千秋盛唐梦,,71540677
华清御汤·宝积池温泉,广州,广东,兵马俑/华清宫旅游区,4.5,71,259.0,109.218434,34.368676,https://dimg04.c-ctrip.com/images/1lo0b12000auecux3F98E.jpg,体验特色的宫廷养生项目,,24994598
华清宫-兵谏亭,广州,广东,兵马俑/华清宫旅游区,4.4,158,0.0,109.222371,34.367097,https://dimg04.c-ctrip.com/images/1A091900000168jx6FB99.jpg,纪念革命的石亭,,10520806
《12.12》西安事变演出,广州,广东,兵马俑/华清宫旅游区,0.0,164,259.0,109.220878,34.368731,https://dimg04.c-ctrip.com/images/10010q000000gobcz8EC9.jpg,以实景影画形式重回历史,,30648645
牛首山文化旅游区,深圳,广东,牛首山风景区/银杏湖乐园,4.7,29395,145.0,118.750261,31.911181,https://dimg04.c-ctrip.com/images/10091f000001gsqkfCFBE.jpg,佛顶宫融合矿坑地宫设计,4A,80134
夫子庙,深圳,广东,夫子庙景区/秦淮河风光带,4.6,17348,30.0,118.795268,32.026998,https://dimg04.c-ctrip.com/images/0100q12000ki8r6ic25B0.jpg,赏民俗文化品地道小吃,,75702
红山森林动物园,深圳,广东,南京站/红山动物园,4.7,19950,60.0,118.809192,32.097752,https://dimg04.c-ctrip.com/images/0102q12000jobdjw948FF.jpg,看镇园之宝澳洲考拉,4A,80131
夫子庙秦淮风光带,深圳,广东,夫子庙景区/秦淮河风光带,4.7,7109,0.0,118.795297,32.027226,https://dimg04.c-ctrip.com/images/100g1f000001gqya4D90B.jpg,乘船游秦淮河赏美景,5A,10558743
南京博物院,深圳,广东,明故宫/南京博物院地区,4.6,3453,0.0,118.83165,32.046772,https://dimg04.c-ctrip.com/images/0103e12000hykpqtoB370.jpg,赏镇院之宝明鎏金藏式佛塔,4A,80549
钟山风景名胜区,深圳,广东,钟山风景区/中山陵景区,4.6,10259,0.0,118.850383,32.070188,https://dimg04.c-ctrip.com/images/0100f12000izsn69r7007.jpg,南京地标景区,5A,92225
中山陵景区,深圳,广东,钟山风景区/中山陵景区,0.0,22547,0.0,118.861646,32.060731,https://dimg04.c-ctrip.com/images/100h11000000ripuy3B79.jpg,孙中山先生的陵墓,5A,75697
明孝陵,深圳,广东,钟山风景区/中山陵景区,4.6,17545,68.0,118.844474,32.057733,https://dimg04.c-ctrip.com/images/0104z12000izt9yws33B9.jpg,"朱元璋与马皇后的合葬陵, 赏梅赏樱的好去处, 漫步神道赏秋日银杏",5A,75695
大报恩寺遗址景区,深圳,广东,夫子庙景区/秦淮河风光带,4.7,8556,87.0,118.789441,32.01544,https://dimg04.c-ctrip.com/images/1lo1k12000khd8acuC441.jpg,国家一级博物馆，4A景区,4A,23987536
侵华日军南京大屠杀遇难同胞纪念馆,深圳,广东,河西/金鹰世界/万达广场,0.0,0,0.0,118.748403,32.041197,https://dimg04.c-ctrip.com/images/100v1f000001h1bw1BA2C.jpg,,4A,78361
玄武湖景区,深圳,广东,玄武湖景区/鸡鸣寺,4.7,6842,0.0,118.805436,32.076613,https://dimg04.c-ctrip.com/images/0106k12000f3rodrw2EC1.jpg,迷人的皇家园林湖泊,4A,10558596
南京总统府,深圳,广东,新街口地区/总统府,0.0,57658,0.0,118.803834,32.050564,https://dimg04.c-ctrip.com/images/0102u12000hykgmtaEF79.jpg,中西合璧的南京标志建筑,4A,75717
六朝博物馆,深圳,广东,新街口地区/总统府,4.6,4443,27.0,118.805928,32.049002,https://dimg04.c-ctrip.com/images/0105112000hyom9rm1DDA.jpg,反映六朝文化的专题博物馆,,15009231
夫子庙秦淮河画舫,深圳,广东,夫子庙景区/秦淮河风光带,4.6,6740,80.0,118.798217,32.02827,https://dimg04.c-ctrip.com/images/100s0g00000086s9zD645.jpg,泛舟秦淮饱览沿岸景致,,15009176
鸡鸣寺,深圳,广东,玄武湖景区/鸡鸣寺,4.3,1758,0.0,118.801672,32.067426,https://dimg04.c-ctrip.com/images/100i1f000001gp1rw156C.jpg,南朝时期中国的佛教中心,,75715
栖霞山,深圳,广东,新港/栖霞山景区,4.7,6352,50.0,118.974319,32.161173,https://dimg04.c-ctrip.com/images/100p12000000swwsy73D8.jpg,秋季拍摄漫山红叶,4A,75709
美龄宫,深圳,广东,钟山风景区/中山陵景区,0.0,4497,29.5,118.853133,32.051186,https://dimg04.c-ctrip.com/images/10070y000000m9aewFD82.jpg,蒋氏夫妇度假的精美官邸,,76214
南京城墙,深圳,广东,玄武湖景区/鸡鸣寺,4.6,1694,27.0,118.808566,32.067796,https://dimg04.c-ctrip.com/images/100112000000t37vm44F8.jpg,世界上现存较长的古代城垣,,10521317
新街口,深圳,广东,新街口地区/总统府,4.7,593,0.0,118.793082,32.047757,https://dimg04.c-ctrip.com/images/0105a120008c3xhkk4145.jpg,欣赏孙中山铜像,,100490
中国科举博物馆(江南贡院),深圳,广东,夫子庙景区/秦淮河风光带,4.7,5796,45.0,118.797057,32.027359,https://dimg04.c-ctrip.com/images/10011f000001h36y0B4DC.jpg,中国古代的科举考场,,91492
太平天国历史博物馆(瞻园),深圳,广东,夫子庙景区/秦淮河风光带,4.6,6209,27.0,118.791517,32.027335,https://dimg04.c-ctrip.com/images/0104l12000hzc69cl4EA8.jpg,赏古老园林和珍贵文物,,75704
南京 · 郑润泽「旷野」2026 巡回演唱会-南京站,深圳,广东,青奥体育公园体育馆/江浦汤泉地区,0.0,0,398.0,118.669754,32.055011,https://dimg04.c-ctrip.com/images/0101t12000pwu8d1mDA3B.jpg,,,153429897
南京市博物馆(朝天宫),深圳,广东,新街口地区/总统府,4.6,1955,23.0,118.781468,32.03921,https://dimg04.c-ctrip.com/images/1lo6j12000der785zF57F.jpg,红墙黄瓦的清代文庙,4A,10558772
南京中山植物园,深圳,广东,钟山风景区/中山陵景区,4.7,3566,15.0,118.837433,32.060395,https://dimg04.c-ctrip.com/images/0100k12000ar0lo6jC1C3.jpg,中国四大植物园之一,,75701
阅江楼,深圳,广东,河西/金鹰世界/万达广场,4.7,5199,35.0,118.754555,32.100132,https://dimg04.c-ctrip.com/images/10010y000000m5mfiB232.jpg,登明代塔楼赏浩瀚长江,4A,86069
老门东历史街区,深圳,广东,夫子庙景区/秦淮河风光带,4.7,1093,0.0,118.794081,32.017927,https://dimg04.c-ctrip.com/images/1A0v14000000wpfkpF83D.jpg,感受南京老城市井风貌,,98941
音乐台,深圳,广东,钟山风景区/中山陵景区,0.0,1232,10.0,118.861723,32.06062,https://dimg04.c-ctrip.com/images/100b1f000001gso2vEBE4.jpg,"中山陵纪念性建筑之一, 布局罕见的精美建筑",,81726
南京欢乐谷,深圳,广东,新港/栖霞山景区,4.5,1867,169.0,119.003467,32.169493,https://dimg04.c-ctrip.com/images/1lo2t12000cz8lfd99B3F.jpg,三重弹射式过山车惊险刺激,4A,103946345
秦淮河,深圳,广东,夫子庙景区/秦淮河风光带,4.7,625,0.0,118.798002,32.027162,https://dimg04.c-ctrip.com/images/10081f000001gqf4b092D.jpg,"听两岸乐声，赏沿岸美景, 绝美夜景",,24652203
江宁织造博物馆,深圳,广东,新街口地区/总统府,4.5,2528,27.0,118.800474,32.04845,https://dimg04.c-ctrip.com/images/0100712000iislen07EB8.jpg,探寻江南云锦欣赏珍贵文物,,10770621
江苏园博园,深圳,广东,汤山温泉/园博园度假区,4.4,1120,0.0,119.01796,32.081596,https://dimg04.c-ctrip.com/images/0100p1200093ibvqaC74D.jpg,沉浸园演展现金陵文脉,,115986962
南京游船赏秦淮河,深圳,广东,夫子庙景区/秦淮河风光带,5.0,8,0.0,118.798217,32.02827,https://dimg04.c-ctrip.com/images/0301u1200086tukfd42B4.jpg,,,153246471
南京citywalk,深圳,广东,新街口地区/总统府,0.0,0,0.0,118.79044,32.048153,https://dimg04.c-ctrip.com/images/0101712000fcx5v10999B.jpg,,,151074800
句容茅山景区,深圳,广东,茅山风景区,4.6,5029,69.5,119.321956,31.791498,https://dimg04.c-ctrip.com/images/0100212000j1xugd68885.jpg,道教上清派的发源地,5A,75749
夫子庙大成殿,深圳,广东,夫子庙景区/秦淮河风光带,4.5,1418,30.0,118.795332,32.026981,https://dimg04.c-ctrip.com/images/0106412000f6sgb5xFBDB.jpg,祭祀并了解孔子的大殿,,10519563
金陵小城,深圳,广东,牛首山风景区/银杏湖乐园,4.5,493,48.0,118.728744,31.904613,https://dimg04.c-ctrip.com/images/01A0f120008z9h5vgE1C5.jpg,梦回金陵，感悟旷世风雅,,123120422
南京海底世界,深圳,广东,钟山风景区/中山陵景区,4.4,8534,169.0,118.851695,32.059522,https://dimg04.c-ctrip.com/images/1lo1r12000ml6vc9eCE40.png,在海底隧道看精彩表演,,75696
南京1912街,深圳,广东,新街口地区/总统府,4.6,1006,0.0,118.802704,32.051603,https://dimg04.c-ctrip.com/images/100p1f000001gpdosED27.jpg,南京夜生活的聚集地,,91489
中华门瓮城,深圳,广东,夫子庙景区/秦淮河风光带,4.6,3093,47.0,118.788296,32.018989,https://dimg04.c-ctrip.com/images/100b12000000t0470C783.jpg,体验古代军事防卫设施,,10558594
南京长江大桥,深圳,广东,距市中心8.9km,4.7,1052,0.0,118.749626,32.119543,https://dimg04.c-ctrip.com/images/100j1f000001gptxz08D1.jpg,由中国人建造的长江大桥,,75707
南京 · en王翊恩《LISTEN》个人巡回演唱会,深圳,广东,青奥体育公园体育馆/江浦汤泉地区,0.0,0,0.0,118.669754,32.055011,https://dimg04.c-ctrip.com/images/0102m12000cf2pt8q3A2C.png,,,153416767
雨花台,深圳,广东,雨花台南京南站地区,0.0,0,0.0,118.788132,32.004053,https://dimg04.c-ctrip.com/images/0102h12000m670qd08FD2.jpg,,4A,75708
汤山一号温泉度假区,深圳,广东,汤山温泉/园博园度假区,4.5,3102,128.0,119.066297,32.056761,https://dimg04.c-ctrip.com/images/100v0q000000gm23b6035.jpg,泡冷热不一的特殊温泉,,10758886
南京长江传奇系列游轮,深圳,广东,南京站/红山动物园,4.8,1241,0.0,118.793556,32.13366,https://dimg04.c-ctrip.com/images/0106h120008ncbk484E64.jpg,,,61119170
南京 · 李宇春2026《皇后与梦想》巡回演唱会,深圳,广东,青奥体育公园体育馆/江浦汤泉地区,0.0,0,0.0,118.669754,32.055011,https://dimg04.c-ctrip.com/images/0102m12000cf2pt8q3A2C.png,,,153461484
五马渡广场,深圳,广东,南京站/红山动物园,4.8,28,0.0,118.794205,32.133532,https://dimg04.c-ctrip.com/images/0104q12000j1450zj1B49.jpg,,,56805055
紫金山天文台,深圳,广东,钟山风景区/中山陵景区,4.7,817,14.0,118.835587,32.071872,https://dimg04.c-ctrip.com/images/0103e120009h48n3nA106.jpg,中国现代天文机构鼻祖,,75694
南京明故宫遗址公园,深圳,广东,明故宫/南京博物院地区,4.5,524,0.0,118.824371,32.047651,https://dimg04.c-ctrip.com/images/1A0l1600000106g5j7A96.jpg,欣赏明朝皇宫的雄伟遗址,,80129
南京泡温泉,深圳,广东,汤山温泉/园博园度假区,5.0,2,0.0,119.056873,32.053617,https://dimg04.c-ctrip.com/images/0101712000567gb563129.jpg,,,149824776
德基艺术博物馆,深圳,广东,新街口地区/总统府,4.7,211,0.0,118.791012,32.051054,https://dimg04.c-ctrip.com/images/1lo6e12000mho8qfd3759.jpg,,,61460156
"南京 · 梁静茹《Best,茹果我不唱情歌》巡回演唱会",深圳,广东,河西/奥体中心/奥南地区,0.0,0,0.0,118.72856,32.01291,https://dimg04.c-ctrip.com/images/0100o12000d4vkjqq233D.jpg,,,153464601
南京 · 【大笑喜剧】新街口脱口秀｜周一至周日｜综艺卡司｜吐槽爆笑大会｜开心互动即兴喜剧之夜精品秀,深圳,广东,新街口地区/总统府,5.0,1,0.0,118.78516,32.047789,https://dimg04.c-ctrip.com/images/0100u12000et50mdc7EB5.png,卡司覆盖多种喜剧风格,,148497255
灵谷景区,深圳,广东,钟山风景区/中山陵景区,0.0,1411,33.0,118.873167,32.061269,https://dimg04.c-ctrip.com/images/100s0z000000nhyd08A64.jpg,观宏伟的明代无梁殿,,75698
南京佛教文化体验,深圳,广东,牛首山风景区/银杏湖乐园,4.7,145,0.0,118.7549,31.909151,https://dimg04.c-ctrip.com/images/100f0z000000mpq4fDA23.jpg,体验内心的宁静和平静,,148485336
江苏江宁汤山方山国家地质公园(汤山园区),深圳,广东,汤山温泉/园博园度假区,4.7,69,0.0,119.039034,32.067158,https://dimg04.c-ctrip.com/images/0101j12000nh9ygs62B1F.jpg,温泉养生天堂，观矿坑石碑,,92226
外秦淮河游船,深圳,广东,夫子庙景区/秦淮河风光带,4.2,1552,55.0,118.789956,32.016522,https://dimg04.c-ctrip.com/images/1lo0812000hkvrlgf14CE.png,画舫线路与明城墙并行,,10759001
银杏湖乐园,深圳,广东,牛首山风景区/银杏湖乐园,4.6,5563,210.0,118.718166,31.805502,https://dimg04.c-ctrip.com/images/1lo0112000qio6i921D76.jpg,设施先进的亲子主题乐园,,22865961
牛首山文化旅游区-佛顶寺,深圳,广东,牛首山风景区/银杏湖乐园,4.6,114,0.0,118.755719,31.915232,https://dimg04.c-ctrip.com/images/0102112000iktzu44C6A4.jpg,舍利护持僧团的弘法道场,,36817518
南京 · 2025世界舞蹈剧场 江苏大剧院原创民族舞剧《红楼梦》,深圳,广东,河西/奥体中心/奥南地区,0.0,0,0.0,118.720098,32.018463,https://dimg04.c-ctrip.com/images/0100g12000qa48q6i5896.jpg,,,153454841
"南京 · 2025陈慧娴40周年“Fabulous 40"" 巡回演唱会",深圳,广东,青奥体育公园体育馆/江浦汤泉地区,0.0,0,0.0,118.669754,32.055011,https://dimg04.c-ctrip.com/images/0101812000cf2q7bqAAFC.png,,,153248725
陵园路,深圳,广东,明故宫/南京博物院地区,4.8,16,0.0,118.844448,32.047704,https://dimg04.c-ctrip.com/images/1me2o12000cnwdlqi56AF.jpg,秋日金黄铺满绿廊大道,,133968374
南京 · 魔脱喜剧｜新街口脱口秀,深圳,广东,新街口地区/总统府,5.0,1,0.0,118.78464,32.038945,https://dimg04.c-ctrip.com/images/0105s12000et67gmx6524.png,吐槽环节观众可互动,,148497820
白鹭洲公园,深圳,广东,夫子庙景区/秦淮河风光带,4.5,593,0.0,118.801314,32.024376,https://dimg04.c-ctrip.com/images/100a1f000001grmze82BA.jpg,听秦淮歌舞看画舫夜色,,10558595
南京大学(鼓楼校区),深圳,广东,玄武湖景区/鸡鸣寺,4.7,836,0.0,118.786007,32.06143,https://dimg04.c-ctrip.com/images/100p1f000001gpcvs8B32.jpg,"爬满绿藤的北大楼是一大标志, 细品校区古建筑",,91469
明孝陵博物馆,深圳,广东,钟山风景区/中山陵景区,4.4,189,0.0,118.849741,32.050803,https://dimg04.c-ctrip.com/images/100f1f000001gqcl9F7BC.jpg,展示朱元璋的传奇人生,,15036609
大梦·红楼沉浸式展演,深圳,广东,新街口地区/总统府,4.9,18,0.0,118.800579,32.047889,https://dimg04.c-ctrip.com/images/0EQ6b12000kcu0qay7FB4.jpg,红楼十宝触发互动幻境,,148459642
南京台城,深圳,广东,玄武湖景区/鸡鸣寺,4.9,462,27.0,118.802812,32.068991,https://dimg04.c-ctrip.com/images/0102p1200082jff1kD686.jpg,南京城墙精华段,,91555
愚园,深圳,广东,夫子庙景区/秦淮河风光带,4.7,475,18.0,118.780224,32.022482,https://dimg04.c-ctrip.com/images/0101912000j2m7xdj3A06.jpg,园林以水石特色取胜,,27743761
侵华日军南京大屠杀遇难同胞纪念馆-展览区,深圳,广东,河西/金鹰世界/万达广场,0.0,0,0.0,118.751598,32.040986,https://dimg04.c-ctrip.com/images/0101r12000n82kaclB580.jpg,,,144225559
南京非遗体验,深圳,广东,夫子庙景区/秦淮河风光带,0.0,0,0.0,118.794096,32.024108,https://dimg04.c-ctrip.com/images/1lo3x12000pea6mf03C6A.png,,,149811825
南京 · 2026田震「玩儿个痛快」巡回演唱会-南京站,深圳,广东,青奥体育公园体育馆/江浦汤泉地区,0.0,0,0.0,118.669754,32.055011,https://dimg04.c-ctrip.com/images/0103312000q7wmgie79AF.jpg,,,153450994
紫金山昆虫博物馆,深圳,广东,钟山风景区/中山陵景区,4.5,533,57.0,118.849909,32.058416,https://dimg04.c-ctrip.com/images/0102312000f6q8u230CA2.jpg,AR墙展现昆虫世界,,90680592
紫清湖野生动物世界,深圳,广东,汤山温泉/园博园度假区,4.5,534,180.0,119.04394,32.072259,https://dimg04.c-ctrip.com/images/0106y12000f6uh0pgC183.png,金毛羚牛近距离观赏,,122624765
南京 · 慢城跨年音乐嘉年华,深圳,广东,高淳老街/桠溪慢城,0.0,0,0.0,118.898691,31.290305,https://dimg04.c-ctrip.com/images/0101512000qg5ukbr7870.jpg,,,153464751
沃普·紫金山探险营地,深圳,广东,钟山风景区/中山陵景区,4.8,457,0.0,118.868134,32.061374,https://dimg04.c-ctrip.com/images/10041g000001h516r372B.jpg,体验各种惊险刺激的项目,,60514878
灵谷寺,深圳,广东,钟山风景区/中山陵景区,4.6,82,0.0,118.8743,32.060967,https://dimg04.c-ctrip.com/images/0100d12000f6pvxo46B8B.jpg,汉族地区佛教重点寺院,,58270522
梅花山,深圳,广东,钟山风景区/中山陵景区,4.7,1515,0.0,118.847164,32.056296,https://dimg04.c-ctrip.com/images/010511200087qi6nl6F00.jpg,欣赏种类数量繁多的梅花,,76155
南京汤山温泉旅游度假区,深圳,广东,汤山温泉/园博园度假区,3.0,1,0.0,119.071694,32.047616,https://dimg04.c-ctrip.com/images/1me5e12000g98ufcu2AA2.jpg,,,146087473
南京金牛湖野生动物王国,深圳,广东,六合地区,4.3,1804,155.0,118.974413,32.498972,https://dimg04.c-ctrip.com/images/0103f120009f6v0h83043.png,体现了生态性，回归自然,,73139234
达摩古洞,深圳,广东,新港/栖霞山景区,4.1,229,28.0,118.801738,32.137481,https://dimg04.c-ctrip.com/images/1lo5l12000b0adhpa279F.png,岩洞呈窟窿状，观达摩雕像,,31077095
南京市博物总馆,深圳,广东,夫子庙景区/秦淮河风光带,4.8,23,0.0,118.79083,32.027326,https://dimg04.c-ctrip.com/images/0102012000ik6ivzhE98C.jpg,,,143756493
珍珠泉风景区,深圳,广东,浦口沿江区,4.5,2180,0.0,118.667795,32.132993,https://dimg04.c-ctrip.com/images/0100812000k2t3xn53697.jpg,欣赏碧绿清澈的珍珠泉,4A,76215
乌衣巷,深圳,广东,夫子庙景区/秦淮河风光带,4.4,640,0.0,118.79601,32.024914,https://dimg04.c-ctrip.com/images/01A09120008u9z3cr2F59.jpg,人才辈出文人赞颂的名巷,,76213
南京 · 周蕙《约定-做快乐的自己》2026新年演唱会,深圳,广东,玄武湖景区/鸡鸣寺,0.0,0,0.0,118.819366,32.070864,https://dimg04.c-ctrip.com/images/0101512000cf2q22066E1.png,,,153337969
华昌龙谷奇幻新大陆,深圳,广东,浦口沿江区,4.5,532,69.0,118.68452,32.140905,https://dimg04.c-ctrip.com/images/0104s120008yt9g3g3AF3.jpg,溶洞馆融西游故事线展示,,128428835
东庐山观音寺,深圳,广东,距市中心54.7km,4.8,58,0.0,119.122547,31.645522,https://dimg04.c-ctrip.com/images/0104z12000mwwhopy56F2.jpg,始建于元朝,,15135949
天生桥景区,深圳,广东,溧水天生桥/无想山,4.5,811,18.0,118.993363,31.651095,https://dimg04.c-ctrip.com/images/35040z000000mi50yB995.jpg,与大自然的亲密接触,4A,10795423
紫金山索道,深圳,广东,钟山风景区/中山陵景区,4.3,37,0.0,118.830601,32.06461,https://dimg04.c-ctrip.com/images/0102x12000l50nvww47F4.jpg,,,31670073
中国秦淮灯会主会场(白鹭洲公园),深圳,广东,夫子庙景区/秦淮河风光带,4.7,278,80.0,118.801927,32.024101,https://dimg04.c-ctrip.com/images/1lo5212000qsiqth47B5B.jpg,,,57155186
南京 · 2025音乐会民谣之夜【南京新街口站】经典金曲live现场|乐队弹唱|流行经典,深圳,广东,新街口地区/总统府,0.0,0,0.0,118.79824,32.041865,https://dimg04.c-ctrip.com/images/0106k12000oy3ud51722A.png,,,153198875
佛顶宫,深圳,广东,牛首山风景区/银杏湖乐园,4.8,25,0.0,118.748088,31.919063,https://dimg04.c-ctrip.com/images/0105e120008bw8xpu8A2E.jpg,,,98283592
莫愁湖公园,深圳,广东,河西/金鹰世界/万达广场,4.4,920,0.0,118.76843,32.041142,https://dimg04.c-ctrip.com/images/100a0y000000ltyw1E383.jpg,了解莫愁女的凄清故事,4A,75714
南京· 《凡人修仙传》动画视听音乐会,深圳,广东,河西/奥体中心/奥南地区,0.0,0,0.0,118.714911,31.99756,https://dimg04.c-ctrip.com/images/0105f12000po5iwag7DA5.png,,,153357340
华昌龙谷风暴水世界,深圳,广东,浦口沿江区,4.5,476,0.0,118.687514,32.143407,https://dimg04.c-ctrip.com/images/1lo0e12000ecb8adiC697.jpg,,,128428834
华昌龙谷,深圳,广东,浦口沿江区,3.7,3,0.0,118.686606,32.14158,https://dimg04.c-ctrip.com/images/0106812000exo8dap0B1D.jpg,过山车密林弹射，惊险刺激,,145546816
玄武门城墙,深圳,广东,玄武湖景区/鸡鸣寺,4.7,84,0.0,118.794291,32.076891,https://dimg04.c-ctrip.com/images/0104l12000nwtpxjj2051.jpg,当地人散步休闲的好去处,,44635206
溧水周园,深圳,广东,距市中心60.2km,4.5,466,89.0,119.199231,31.632957,https://dimg04.c-ctrip.com/images/0100v12000k0dhs1cBA5F.jpg,中国特色艺术品收藏馆,4A,10548118
燕子矶公园,深圳,广东,新港/栖霞山景区,4.5,363,9.0,118.823549,32.153029,https://dimg04.c-ctrip.com/images/01A56120008nd30deEE27.jpg,长江三大名矶之一,,75706
南京 · 开心麻花大型沉浸互动城《方橙市大侦探》,深圳,广东,夫子庙景区/秦淮河风光带,0.0,0,0.0,118.794872,32.016588,https://dimg04.c-ctrip.com/images/0104212000l6uf38i0B82.png,,,151658533
南京市民俗博物馆,深圳,广东,夫子庙景区/秦淮河风光带,4.6,705,18.0,118.788228,32.032189,https://dimg04.c-ctrip.com/images/0103h12000iqcf7dl102E.jpg,再现明清时期江南民居风貌,,91630
鼓浪屿,南京,江苏,鼓浪屿地区,4.4,52720,44.9,118.073467,24.450968,https://dimg04.c-ctrip.com/images/100w1f000001gwb0k4589.jpg,万国建筑博览,5A,10524162
厦门园林植物园,南京,江苏,厦门大学地区,4.6,16903,30.0,118.115746,24.454333,https://dimg04.c-ctrip.com/images/0100212000j04vu6b4D7C.jpg,仙气十足的雨林世界,5A,77353
钟鼓索道,南京,江苏,中山路地区,4.6,7262,80.0,118.100588,24.458965,https://dimg04.c-ctrip.com/images/0105g12000f6tupfy47AF.jpg,在高空中俯瞰厦门全景,,10521056
厦门大学(思明校区),南京,江苏,厦门大学地区,4.6,14009,0.0,118.108483,24.442133,https://dimg04.c-ctrip.com/images/0104o1200087ds0uyEB4C.jpg,依山傍海的出名学府,,79124
胡里山炮台,南京,江苏,厦门大学地区,4.7,14801,25.0,118.112916,24.435611,https://dimg04.c-ctrip.com/images/1lo6t12000c35o4p52F69.png,集欧式和明清风格于一身,4A,75841
厦门科技馆,南京,江苏,SM城市广场地区,4.7,12151,40.0,118.114818,24.496727,https://dimg04.c-ctrip.com/images/1lo2n12000dks47k617EF.jpg,感受新科技的乐趣,,83054
南普陀寺,南京,江苏,厦门大学地区,4.6,5333,0.0,118.103167,24.447637,https://dimg04.c-ctrip.com/images/10041f000001gpadeEECB.jpg,全国出名的佛教寺院,,75843
鹭江夜游,南京,江苏,中山路地区,4.3,4473,119.0,118.083735,24.456508,https://dimg04.c-ctrip.com/images/1lo5r12000bkuf5oq4208.jpg,游船观赏鼓浪屿和鹭岛夜景,,10759041
屿见厦门海上游,南京,江苏,中山路地区,4.4,191,119.0,118.083718,24.456464,https://dimg04.c-ctrip.com/images/1lo4x12000dg6msprD30D.jpg,,,133820986
集美学村,南京,江苏,集美学村/杏林湾/园博苑,4.7,870,0.0,118.099219,24.57279,https://dimg04.c-ctrip.com/images/10091c000001dk50z66D0.jpg,风格中西合璧的大学城,,75842
环岛路,南京,江苏,厦门大学地区,4.7,6890,0.0,118.096324,24.439635,https://dimg04.c-ctrip.com/images/1A0m12000000srfpzAF92.jpg,享受骑行海岸线的乐趣,,10558656
厦门看日出,南京,江苏,鼓浪屿地区,0.0,0,0.0,118.073467,24.450968,https://dimg04.c-ctrip.com/images/01001120008261fvw7FEE.jpg,,,153267080
曾厝垵,南京,江苏,曾厝垵地区,4.5,5044,0.0,118.131706,24.433186,https://dimg04.c-ctrip.com/images/0103p12000h4ckwpx36BB.jpg,厦门文创新地标,,91537
中山路步行街,南京,江苏,中山路地区,4.6,2525,0.0,118.085893,24.460266,https://dimg04.c-ctrip.com/images/0101r120006unrnrfAE3B.jpg,厦门地标式商业街,,10524164
日光岩,南京,江苏,鼓浪屿地区,4.6,8372,50.0,118.071112,24.447635,https://dimg04.c-ctrip.com/images/0101t12000825yd946670.jpg,制高点俯瞰鼓浪屿,,75844
厦门 · 梓渝2026《游点意思》巡回演唱会,南京,江苏,距市中心14.9km,0.0,0,0.0,118.210119,24.570993,https://dimg04.c-ctrip.com/images/0102m12000cf2pt8q3A2C.png,,,153449807
菽庄花园,南京,江苏,鼓浪屿地区,4.6,2852,30.0,118.075929,24.445208,https://dimg04.c-ctrip.com/images/1A0u13000000u2b7x74C3.jpg,融合西洋色彩的园林景观,,75845
厦门方特梦幻王国,南京,江苏,距市中心23.7km,4.8,8959,199.0,118.182127,24.683775,https://dimg04.c-ctrip.com/images/1lo0212000cdml86u1EE1.jpg,主打科幻互动体验,,100927
厦门方特旅游度假区,南京,江苏,距市中心23.9km,4.6,283,289.0,118.18159,24.685746,https://dimg04.c-ctrip.com/images/010011200081p2dng64EE.png,科幻与互动主题公园,,33764206
厦门双子塔,南京,江苏,厦门大学地区,4.2,678,160.0,118.09515,24.441974,https://dimg04.c-ctrip.com/images/1lo1i12000detsyywB90E.jpg,55层观光厅眺望鼓浪屿,,36232031
五缘湾帆船港,南京,江苏,五缘湾地区,4.7,1300,58.0,118.187598,24.53999,https://dimg04.c-ctrip.com/images/1lo0412000deanrj2D62A.png,和大海来一次亲密接触,,13826436
五缘湾游海帆船出海,南京,江苏,五缘湾地区,4.6,717,58.0,118.187672,24.539908,https://dimg04.c-ctrip.com/images/0102112000h4xwy298F64.jpg,感受出海的乐趣,,28325983
白城沙滩,南京,江苏,厦门大学地区,4.6,708,0.0,118.109855,24.437195,https://dimg04.c-ctrip.com/images/0101412000h45qsnh9E63.jpg,毗邻厦大的海边沙滩,,10521055
海上看金门,南京,江苏,中山路地区,4.4,2409,128.0,118.083703,24.456484,https://dimg04.c-ctrip.com/images/1lo5712000lks18ny655A.jpg,宣传标语和军事设施,,10758751
厦门鼓浪屿海底世界,南京,江苏,鼓浪屿地区,3.8,3671,107.0,118.077759,24.452515,https://dimg04.c-ctrip.com/images/1lo1j12000deaaclmCAA1.jpg,完整的抹香鲸骨架,,77347
黄厝海滩,南京,江苏,环岛路/黄厝海滨浴场/会展中心,4.7,334,0.0,118.171611,24.450643,https://dimg04.c-ctrip.com/images/10041c000001dqrtf900A.jpg,观看国际马拉松比赛,,39476863
厦门 · 2026张韶涵「觅光」世界巡回演唱会,南京,江苏,距市中心14.6km,0.0,0,0.0,118.20607,24.570283,https://dimg04.c-ctrip.com/images/0103712000nfo95zdAE61.png,,,152930062
屿见闽南·时光幻境,南京,江苏,白鹭洲/东渡客运码头,4.8,393,98.0,118.084371,24.488008,https://dimg04.c-ctrip.com/images/1lo6y12000kh39gb9FD36.jpg,闽南文化、震撼演艺,,150107038
厦门看日落,南京,江苏,集美学村/杏林湾/园博苑,5.0,1,0.0,118.095808,24.570103,https://dimg04.c-ctrip.com/images/0102t12000lyzxmv54191.jpg,,,151936513
厦门老院子景区,南京,江苏,厦门北站地区,4.6,1696,120.0,118.081721,24.630156,https://dimg04.c-ctrip.com/images/1lo3612000fqt5q3kC0C8.jpg,穿越到闽南渔村古厝,4A,22561524
灵玲国际马戏城,南京,江苏,集美学村/杏林湾/园博苑,4.8,5746,259.0,118.05642,24.59513,https://dimg04.c-ctrip.com/images/1lo6c12000deucqqd6990.jpg,独具地方特色建筑的马戏城,,13105365
潮汐之眼摩天轮,南京,江苏,白鹭洲/东渡客运码头,4.5,397,168.0,118.082868,24.497091,https://dimg04.c-ctrip.com/images/0106012000a9tm8z83A86.jpg,,,135450276
中鱼视界·城市欢乐场,南京,江苏,白鹭洲/东渡客运码头,3.8,9,0.0,118.082831,24.496681,https://dimg04.c-ctrip.com/images/1lo6f12000buvdz8u786C.jpg,全息投影还原龙宫场景,,136601314
沙坡尾避风坞,南京,江苏,厦门大学地区,4.2,198,0.0,118.095029,24.444352,https://dimg04.c-ctrip.com/images/100v1a0000019yl2jEB62.jpg,沙坡头与沙坡尾的分界线,,13765341
皓月园,南京,江苏,鼓浪屿地区,4.6,1227,10.0,118.08237,24.447775,https://dimg04.c-ctrip.com/images/fd/tg/g4/M01/27/DE/CggYHlYDcuyAYTukABLDFmbOT_E900.jpg,纪念民族英雄的雕像园,,77344
"厦门 · 梁静茹《Best,茹果我不唱情歌》巡回演唱会",南京,江苏,SM城市广场地区,0.0,0,0.0,118.115052,24.492297,https://dimg04.c-ctrip.com/images/0100o12000d4vkjqq233D.jpg,,,153166954
厦门 · 何浩楠2026《HE》演唱会,南京,江苏,距市中心14.9km,0.0,0,0.0,118.210119,24.570993,https://dimg04.c-ctrip.com/images/0102m12000cf2pt8q3A2C.png,,,153503449
厦门赶海,南京,江苏,环东海域度假区,4.5,2,0.0,118.15032,24.617478,https://dimg04.c-ctrip.com/images/0103q12000f6tscsx5942.jpg,夏季是赶海的好时机,,148483136
十里长堤,南京,江苏,集美学村/杏林湾/园博苑,4.6,55,0.0,118.095698,24.570154,https://dimg04.c-ctrip.com/images/0106812000m94s5dy6F25.jpg,享受大自然给予的宁静,,82688
日月谷温泉,南京,江苏,距市中心17.4km,4.7,3823,159.0,117.947245,24.564429,https://dimg04.c-ctrip.com/images/1lo3012000bdpydx82829.jpg,颇具东南亚风情,4A,10758353
厦门市博物馆,南京,江苏,SM城市广场地区,4.5,285,0.0,118.115823,24.497075,https://dimg04.c-ctrip.com/images/0101212000iscd87l29D4.jpg,参观郑成功纪念馆,,77350
沙坡尾,南京,江苏,厦门大学地区,4.9,8,0.0,118.094609,24.44557,https://dimg04.c-ctrip.com/images/0100212000isdpto7AB65.jpg,老骑楼融入现代涂鸦墙,,149967763
云上厦门观光厅,南京,江苏,厦门大学地区,4.0,1798,59.0,118.095728,24.441585,https://dimg04.c-ctrip.com/images/1lo1n12000deb58n731E5.jpg,饱览百米高空的震撼景致,,30107091
一国两制沙滩,南京,江苏,环岛路/黄厝海滨浴场/会展中心,4.8,26,0.0,118.171611,24.450643,https://dimg04.c-ctrip.com/images/0107212000f6t9k1a2929.jpg,“一国两制”大标语牌,,31658475
厦门方特东方神画,南京,江苏,距市中心23.8km,4.9,5412,299.0,118.178707,24.686161,https://dimg04.c-ctrip.com/images/0104n120005pz0twd7C4C.jpg,汇聚华夏民族特色的乐园,,30805683
厦门 · 2026秀马宇宙音乐生活节,南京,江苏,距市中心12.9km,0.0,0,0.0,117.996354,24.558434,https://dimg04.c-ctrip.com/images/0105a12000qprlqij966A.jpg,,,153506030
厦门游船观光,南京,江苏,中山路地区,4.1,29,0.0,118.083735,24.456508,https://dimg04.c-ctrip.com/images/0100q120008sxh6cz0874.jpg,,,149824770
八卦楼风琴博物馆,南京,江苏,鼓浪屿地区,4.5,693,30.0,118.07465,24.4538,https://dimg04.c-ctrip.com/images/0103112000ikyfrp24441.jpg,展出世界各地有历史的风琴,,10559510
厦门灵玲动物王国,南京,江苏,集美学村/杏林湾/园博苑,4.4,490,89.0,118.056846,24.594808,https://dimg04.c-ctrip.com/images/0104y120008hcpvcbE1F9.jpg,看可爱小熊猫,,39257686
厦门山海健康步道,南京,江苏,白鹭洲/东渡客运码头,4.8,56,0.0,118.084693,24.487506,https://dimg04.c-ctrip.com/images/0101j12000j4jfqhv6D7E.jpg,沿线风景优美,,79456170
邮轮中心厦鼓码头,南京,江苏,距市中心1.5km,4.0,78,0.0,118.08149,24.488631,https://dimg04.c-ctrip.com/images/0105a12000ma4wbln11AB.jpg,,,118822817
厦门方特水上乐园,南京,江苏,距市中心23.8km,4.7,1630,200.0,118.180435,24.685238,https://dimg04.c-ctrip.com/images/0101w120006pieqi3E379.jpg,嗨玩丰富的水上项目,,33551215
厦门帆船运动,南京,江苏,五缘湾地区,0.0,0,0.0,118.1875,24.53999,https://dimg04.c-ctrip.com/images/350616000000yxrd31A31.jpg,风劲帆满海天阔,,148480068
海天堂构,南京,江苏,鼓浪屿地区,4.6,993,88.0,118.07912,24.449227,https://dimg04.c-ctrip.com/images/0104f120009kjrbx6010B.jpg,中西合璧的老别墅群,,88593
鼓浪屿看日落,南京,江苏,福建,4.8,11,0.0,118.072057,24.445189,https://dimg04.c-ctrip.com/images/0100712000l55g9qr85B9.jpg,,,149675646
鼓浪屿管风琴艺术中心,南京,江苏,鼓浪屿地区,4.5,39,25.0,118.075407,24.45474,https://dimg04.c-ctrip.com/images/350u170000012tjb8028F.jpg,展出亚洲最大百年管风琴,,61946497
中鱼视界海洋王国,南京,江苏,白鹭洲/东渡客运码头,4.0,127,228.0,118.082901,24.496768,https://dimg04.c-ctrip.com/images/1lo1812000buvde6uCC34.jpg,观景长廊尽览海底奇景,,136599631
屿见厦门·鼓浪屿游船,南京,江苏,白鹭洲/东渡客运码头,4.6,19,44.9,118.08149,24.488631,https://dimg04.c-ctrip.com/images/1lo2u12000q7m030zC063.jpg,,,153263685
钢琴博物馆,南京,江苏,鼓浪屿地区,4.7,884,0.0,118.076191,24.444635,https://dimg04.c-ctrip.com/images/100h1f000001grsgn0623.jpg,观赏造型奇特的古钢琴,,10558938
中国湾香山游艇会,南京,江苏,环岛路/黄厝海滨浴场/会展中心,4.4,55,48.0,118.202681,24.48028,https://dimg04.c-ctrip.com/images/100s180000015czmu2F2D.jpg,引入全新的游艇生活方式,,20973972
香山帆船出海体验,南京,江苏,环岛路/黄厝海滨浴场/会展中心,4.4,197,35.0,118.198431,24.477975,https://dimg04.c-ctrip.com/images/100f1f000001gq8n0BCA7.jpg,以帆船为主的海上娱乐项目,,31077308
鹭岛观光旅游巴士,南京,江苏,白鹭洲/东渡客运码头,3.8,77,0.0,118.081442,24.490864,https://dimg04.c-ctrip.com/images/0100k120008orwr8q434A.jpg,,,112646924
厦门 · 《一条名叫爱情的狗》互动专场,南京,江苏,环岛路/黄厝海滨浴场/会展中心,0.0,0,0.0,118.195497,24.480337,https://dimg04.c-ctrip.com/images/0100i12000chzpaju2FB9.jpg,,,153498968
诚毅科技探索中心,南京,江苏,集美学村/杏林湾/园博苑,4.7,1547,89.0,118.063889,24.599296,https://dimg04.c-ctrip.com/images/100n1f000001gpbisCD85.jpg,七大展区深入了解科技,4A,22939410
万国建筑博览,南京,江苏,鼓浪屿地区,4.5,336,0.0,118.079161,24.449111,https://dimg04.c-ctrip.com/images/0102z12000h4anzo4A7B7.jpg,中西合璧的中外建筑,,77348
沙坡尾艺术西区,南京,江苏,厦门大学地区,4.5,91,0.0,118.093956,24.443901,https://dimg04.c-ctrip.com/images/01A2t120008pypjxt4DE3.jpg,体验自由滑板和服饰设计,,31714490
海上自行车道,南京,江苏,集美学村/杏林湾/园博苑,4.7,3,0.0,118.09328,24.59188,https://dimg04.c-ctrip.com/images/0102912000mwdwxz6DCA5.jpg,,,133953906
小嶝岛,南京,江苏,距市中心31.3km,4.7,167,0.0,118.393554,24.561665,https://dimg04.c-ctrip.com/images/0104s12000h4pltyh60EC.jpg,拥有闽南民俗建筑的岛屿,,89930
厦门尾波冲浪,南京,江苏,五缘湾地区,0.0,0,0.0,118.18834,24.538656,https://dimg04.c-ctrip.com/images/010511200098sbijqA286.jpg,,,153202793
同安影视城,南京,江苏,距市中心30.4km,4.0,644,40.0,118.171843,24.750292,https://dimg04.c-ctrip.com/images/350i16000000ysd484059.jpg,"亲临古城，各种仿古建筑, 穿越到旧时北京城",,10558655
厦门园林博览苑,南京,江苏,集美学村/杏林湾/园博苑,4.6,1198,0.0,118.078005,24.585929,https://dimg04.c-ctrip.com/images/0106k1200073zht3q7335.jpg,参观九大不同风格园林,4A,87435
最美转角,南京,江苏,鼓浪屿地区,4.4,28,0.0,118.074649,24.455669,https://dimg04.c-ctrip.com/images/0104x12000ezb1pfl1B10.jpg,《转角遇到爱》的取景地,,56809810
海上看金门（鹭江码头）,南京,江苏,中山路地区,4.8,6,0.0,118.077966,24.464384,https://dimg04.c-ctrip.com/images/1lo1q12000cv1w7tdB3A0.jpg,,,144300489
五老峰,南京,江苏,厦门大学地区,4.9,259,0.0,118.104494,24.452387,https://dimg04.c-ctrip.com/images/1A0q12000000smazz2981.jpg,站在山顶可鸟瞰厦门大学,,10558603
彩虹沙滩,南京,江苏,环东海域度假区,4.9,37,0.0,118.150306,24.617423,https://dimg04.c-ctrip.com/images/0106l12000my7od0qF2EB.jpg,沙滩细软有很多海贝类生物,,31671987
国际刻字艺术馆,南京,江苏,鼓浪屿地区,4.4,220,5.0,118.076258,24.453663,https://dimg04.c-ctrip.com/images/1lo6q12000j4k4pbu522E.jpg,陈列诸多高水平的刻字作品,,82676
沙生植物区,南京,江苏,厦门大学地区,4.9,39,0.0,118.106768,24.455389,https://dimg04.c-ctrip.com/images/0100212000p064d6c3519.jpg,欣赏种类繁多的沙生植物,,31672875
厦门闽南文化体验,南京,江苏,厦门大学地区,4.7,7,0.0,118.103053,24.447029,https://dimg04.c-ctrip.com/images/100i0r000000hbqqs9DE2.jpg,,,149275349
清水宫,南京,江苏,高崎机场地区,5.0,13,0.0,118.120159,24.534781,https://dimg04.c-ctrip.com/images/0106w12000ik1k6hjF523.jpg,,,51949050
海湾公园,南京,江苏,白鹭洲/东渡客运码头,4.8,263,0.0,118.082743,24.479609,https://dimg04.c-ctrip.com/images/01057120009zdewf22DFC.jpg,拥有游乐场的城市公园,,82710
陈嘉庚纪念馆,南京,江苏,集美学村/杏林湾/园博苑,0.0,0,0.0,118.113847,24.576055,https://dimg04.c-ctrip.com/images/0105012000f6t61nkD4AE.jpg,,,13764445
望潮五缘湾帆船海上乐园,南京,江苏,五缘湾地区,4.4,24,58.0,118.189493,24.535185,https://dimg04.c-ctrip.com/images/1lo3h12000mb0vv673456.png,常年适合帆船运动,,130844277
厦门赏三角梅,南京,江苏,厦门大学地区,0.0,0,0.0,118.116097,24.454744,https://dimg04.c-ctrip.com/images/100g0r000000hdiib2417.jpg,,,149396465
厦门 · 曹杨2026《终结流浪》巡回演唱会,南京,江苏,五缘湾地区,0.0,0,0.0,118.177657,24.491469,https://dimg04.c-ctrip.com/images/0102r12000cf1mqmuA63E.png,,,153504346
集美鳌园景区,南京,江苏,集美学村/杏林湾/园博苑,4.6,153,0.0,118.113967,24.574796,https://dimg04.c-ctrip.com/images/0105y120009hocldy74F0.jpg,石雕博物馆,4A,134028080
厦门国际游艇汇,南京,江苏,五缘湾地区,4.8,84,98.0,118.187278,24.539911,https://dimg04.c-ctrip.com/images/3502170000011c6fz7C42.jpg,坐拥五缘湾优质天然良港,,13228684
五缘湾游艇服务中心,南京,江苏,五缘湾地区,4.9,15,58.0,118.188511,24.535562,https://dimg04.c-ctrip.com/images/0100g120009e4gwiy625B.png,,,133913305
演武大桥,南京,江苏,中山路地区,4.7,129,0.0,118.089505,24.448288,https://dimg04.c-ctrip.com/images/100m0y000000mlr6a8A3A.jpg,隔海可观郑成功塑像,,10521053
华夏演艺《闽南传奇》秀,南京,江苏,厦门北站地区,4.8,175,249.0,118.081262,24.627674,https://dimg04.c-ctrip.com/images/100g1f000001gd1om23B5.jpg,视频与山水实景虚实结合,,22638192
厦门大学-芙蓉湖,南京,江苏,厦门大学地区,4.8,433,0.0,118.105139,24.442802,https://dimg04.c-ctrip.com/images/01042120008aotdbl06EB.jpg,百年柳树下赏黑天鹅,,92362
嘉庚公园,南京,江苏,集美学村/杏林湾/园博苑,4.7,538,0.0,118.112775,24.5722,https://dimg04.c-ctrip.com/images/0102c12000ngdtnstF058.jpg,亭台楼阁错落有致,,82691
中山公园,南京,江苏,中山路地区,4.7,400,0.0,118.096404,24.465482,https://dimg04.c-ctrip.com/images/0106p12000ihzvdexDAB8.jpg,纪念孙中山而命名的公园,,77354
2026建发厦门马拉松赛,南京,江苏,环岛路/黄厝海滨浴场/会展中心,0.0,0,0.0,118.190179,24.473322,https://dimg04.c-ctrip.com/images/0100712000p65pfb84F34.jpg,,,152927152
芙蓉隧道,南京,江苏,厦门大学地区,4.7,592,0.0,118.119617,24.441969,https://dimg04.c-ctrip.com/images/10040z000000nw2xjF819.jpg,国内较长的涂鸦隧道,,10523547
厦门 · 欧阳娜娜2026《Playlist嘉年华》音乐会,南京,江苏,鼓浪屿地区,0.0,0,0.0,118.066248,24.451497,https://dimg04.c-ctrip.com/images/0106l12000dg865mxCB50.jpg,,,153510030
鼓浪屿故宫文物馆,南京,江苏,鼓浪屿地区,4.5,74,25.0,118.073532,24.457665,https://dimg04.c-ctrip.com/images/1lo5b12000q9fz0tyF8A8.jpg,文化交流产物结晶,,34299342
厦门 · 来疯喜剧 | 厦门脱口秀 必打卡《喜剧精品秀》 周末解压爆笑,南京,江苏,距市中心7.3km,0.0,0,0.0,118.167971,24.492762,https://dimg04.c-ctrip.com/images/0100612000jrbz011C623.png,,,150476242
演武大桥观景平台,南京,江苏,厦门大学地区,4.7,62,0.0,118.096255,24.43913,https://dimg04.c-ctrip.com/images/0103e12000f6ri53aB6CC.jpg,厦门小众拍照圣地之一,,30106811
帷幕开啦红地毯蜡像艺术馆,南京,江苏,鼓浪屿地区,4.5,373,78.0,118.079204,24.45164,https://dimg04.c-ctrip.com/images/10051h000001hofku9450.jpg,蜡像人物众多，栩栩如生,,10548111
厦门滨海水运动度假区,南京,江苏,环东海域度假区,5.0,2500,0.0,118.150344,24.617401,https://dimg04.c-ctrip.com/images/1lo0g12000bjduyngF4B2.jpg,沙滩连数十公里彩虹跑道,,140610728
老虎滩海洋公园,重庆,重庆,老虎滩海洋公园/渔人码头,4.4,27955,190.0,121.68309,38.878407,https://dimg04.c-ctrip.com/images/0103o12000f6s0xl5CA0D.jpg,欣赏极地动物表演,5A,75630
大连海昌东方水城,重庆,重庆,中山广场/人民路东港商务区,4.5,1798,0.0,121.699632,38.93025,https://dimg04.c-ctrip.com/images/100s0x000000la4dhA43E.jpg,感受水城异域风情,,24845947
大连森林动物园,重庆,重庆,付家庄海滨浴场/银沙滩,4.6,13880,98.0,121.61769,38.886196,https://dimg04.c-ctrip.com/images/100l0x000000l905o0AFF.jpg,在森林中与动物亲密接触,4A,75633
大连圣亚海洋世界,重庆,重庆,星海广场/圣亚海洋世界/星海公园,4.4,18986,110.0,121.577086,38.884471,https://dimg04.c-ctrip.com/images/0104n120009e4p7yj393F.jpg,全景海底通道探索海底世界,4A,79168
星海广场,重庆,重庆,星海广场/圣亚海洋世界/星海公园,4.7,7016,0.0,121.59447,38.888025,https://dimg04.c-ctrip.com/images/0104912000j1agldw64B7.jpg,大连城市地标,,76865
棒棰岛,重庆,重庆,距市中心9.6km,4.5,2033,40.0,121.725443,38.891008,https://dimg04.c-ctrip.com/images/100d0m000000dwl30B5A8.jpg,清澈神秘的海中孤岛,4A,75628
星海公园,重庆,重庆,星海广场/圣亚海洋世界/星海公园,4.6,788,0.0,121.574462,38.88414,https://dimg04.c-ctrip.com/images/0101v12000h49tf8gF6C6.jpg,游乐设施丰富的海滨公园,,75638
金石滩度假区,重庆,重庆,金石滩国家旅游度假区,4.6,3560,0.0,122.007482,39.084338,https://dimg04.c-ctrip.com/images/100t0z000000nwrv520F1.jpg,玩转缤纷海洋主题景点,5A,87618
渔人码头,重庆,重庆,老虎滩海洋公园/渔人码头,4.5,379,0.0,121.69024,38.881918,https://dimg04.c-ctrip.com/images/01031120007ye68po2EF4.jpg,文艺十足的欧陆风情海港,,10522984
大连海昌发现王国主题公园,重庆,重庆,金石滩国家旅游度假区,4.5,18714,180.0,122.007875,39.087261,https://dimg04.c-ctrip.com/images/1lo6312000owvrx8fE707.jpg,体验惊险刺激的游戏设施,5A,10559167
大连森林动物园海达索道,重庆,重庆,星海广场/圣亚海洋世界/星海公园,4.5,612,0.0,121.614793,38.884839,https://dimg04.c-ctrip.com/images/0106k12000h0h8kjx4F55.jpg,,,97174222
大连滨海国家地质公园,重庆,重庆,金石滩国家旅游度假区,4.6,952,39.0,122.064173,39.079448,https://dimg04.c-ctrip.com/images/0102812000j19jjpwBC35.jpg,欣赏千姿百态的天然礁石,,87647
大连·俄罗斯风情街,重庆,重庆,大连火车站/青泥洼桥,3.8,835,0.0,121.641774,38.933655,https://dimg04.c-ctrip.com/images/0101812000f6t2s3d993E.jpg,漫步俄式风情街区,,87751
军港游园,重庆,重庆,旅顺军港/新玛特/大学城,3.8,928,30.0,121.265063,38.809664,https://dimg04.c-ctrip.com/images/0101612000m3x7yqhC107.jpg,,,87726
中山广场,重庆,重庆,中山广场/人民路东港商务区,4.7,476,0.0,121.650467,38.927473,https://dimg04.c-ctrip.com/images/100p1f000001gpfdx33DB.jpg,汇聚众多百年欧式建筑,,76863
大连自然博物馆,重庆,重庆,星海广场/圣亚海洋世界/星海公园,4.6,332,0.0,121.567964,38.876747,https://dimg04.c-ctrip.com/images/0101a12000ifq4vvjFB97.jpg,动植物标本和化石非常丰富,4A,87683
星海湾跨海大桥,重庆,重庆,距市中心5.8km,4.7,238,0.0,121.591276,38.873023,https://dimg04.c-ctrip.com/images/100m0g0000007tel78839.jpg,海上地锚式悬索跨海大桥,,24632796
莲花山观景台,重庆,重庆,星海广场/圣亚海洋世界/星海公园,4.5,203,49.0,121.615312,38.885291,https://dimg04.c-ctrip.com/images/10041f000001gp9ffD96E.jpg,登观景台赏大连城市全景,,24845945
大连贝壳博物馆,重庆,重庆,星海广场/圣亚海洋世界/星海公园,4.6,2465,100.0,121.596301,38.883931,https://dimg04.c-ctrip.com/images/0103112000id2mvz70712.jpg,外形形似贝壳的博物馆,,10532785
旅顺博物馆,重庆,重庆,旅顺军港/新玛特/大学城,4.6,273,0.0,121.24183,38.81479,https://dimg04.c-ctrip.com/images/0103m12000ie785in4E0B.jpg,馆藏千年新疆干尸,,87744
老铁山黄渤海分界线,重庆,重庆,距市中心46.0km,4.7,299,0.0,121.146749,38.735077,https://dimg04.c-ctrip.com/images/0103j12000ma6biyb17BF.jpg,黄海与渤海的海水分界线,,92195
海之韵公园,重庆,重庆,老虎滩海洋公园/渔人码头,4.2,216,0.0,121.716966,38.906323,https://dimg04.c-ctrip.com/images/0105n12000j4jl87e63AC.jpg,景色旖旎的海滨公园,,76866
白玉山景区,重庆,重庆,旅顺军港/新玛特/大学城,4.3,682,40.0,121.262399,38.81834,https://dimg04.c-ctrip.com/images/100h0g0000007teyy1C43.jpg,登顶俯瞰旅顺港全景,4A,92196
菱角湾,重庆,重庆,老虎滩海洋公园/渔人码头,4.6,16,0.0,121.685283,38.877637,https://dimg04.c-ctrip.com/images/01019120009hirbb59F72.jpg,海蚀奇石造型千变万化,,56806767
拾贝湾童趣乐园,重庆,重庆,经济技术开发区,4.5,396,59.0,121.75667,39.039069,https://dimg04.c-ctrip.com/images/1lo4c12000p8hmhj9C599.jpg,空中漂流和无边泡池出圈,,136014886
旅顺太阳沟,重庆,重庆,旅顺军港/新玛特/大学城,4.8,64,0.0,121.239049,38.816827,https://dimg04.c-ctrip.com/images/10071f000001h6y3m7EBB.jpg,诗情画意的露天博物馆,,23529105
旅顺潜艇博物馆,重庆,重庆,旅顺军港/新玛特/大学城,4.4,302,0.0,121.279384,38.800096,https://dimg04.c-ctrip.com/images/0100a12000iljy2iw4890.jpg,潜艇文化主题博物馆,4A,18355222
滨海路,重庆,重庆,距市中心56.6km,4.7,1652,0.0,121.88002,39.38679,https://dimg04.c-ctrip.com/images/100o1a00000188nnh0F7C.jpg,山海相依的滨海公路,,87748
贡多拉乘船,重庆,重庆,中山广场/人民路东港商务区,4.1,92,0.0,121.690028,38.933184,https://dimg04.c-ctrip.com/images/0105v12000mwf5lk0532B.jpg,,,145428255
老虎滩极地海洋动物馆,重庆,重庆,老虎滩海洋公园/渔人码头,4.4,447,0.0,121.683593,38.884543,https://dimg04.c-ctrip.com/images/100s13000000uo5lb3CE4.jpg,与极地海洋动物亲密接触,,24651139
大黑山风景区,重庆,重庆,距市中心26.1km,4.3,463,20.0,121.797074,39.111228,https://dimg04.c-ctrip.com/images/0102t12000atc3vt89C33.png,杜鹃花海、石峰林立,4A,76913
大连狮虎园,重庆,重庆,旅顺军港/新玛特/大学城,4.6,605,0.0,121.333234,38.83515,https://dimg04.c-ctrip.com/images/1lo1m12000hpp39xmD537.jpg,狮虎共处互动独特场景,,92199
大连帆船,重庆,重庆,中山广场/人民路东港商务区,0.0,0,0.0,121.673537,38.935856,https://dimg04.c-ctrip.com/images/01066120009mniszj7C0A.jpg,,,153202786
大连老码头景区,重庆,重庆,中山广场/人民路东港商务区,4.0,81,40.0,121.675103,38.937921,https://dimg04.c-ctrip.com/images/01055120008skzwyaADF1.jpg,红白灯塔见证百年港史,,72778462
林海滑雪场,重庆,重庆,距市中心16.3km,4.4,214,138.0,121.437901,38.953976,https://dimg04.c-ctrip.com/images/1lo4x12000cnjfquhEEC5.jpg,曾举办全国滑雪巡回赛,,18139668
东港游艇码头,重庆,重庆,中山广场/人民路东港商务区,4.7,61,0.0,121.687328,38.935797,https://dimg04.c-ctrip.com/images/1lo3512000lq329jm45DE.jpg,,,56810266
201百年专列有轨电车,重庆,重庆,中山广场/人民路东港商务区,4.3,23,0.0,121.65445,38.932036,https://dimg04.c-ctrip.com/images/1lo6w12000ds4gojt8AAC.png,,,145705179
大连东关街历史文化街区,重庆,重庆,大连火车站/青泥洼桥,4.4,16,0.0,121.626975,38.925076,https://dimg04.c-ctrip.com/images/0101512000mkfwffq6FE9.jpg,其历史可追溯至1905年,,56808844
东港音乐喷泉广场,重庆,重庆,中山广场/人民路东港商务区,4.7,218,0.0,121.681725,38.937103,https://dimg04.c-ctrip.com/images/0103c12000p1tv1n2093F.jpg,赏声光水色交融的喷泉表演,,23035466
旅顺口风景名胜区,重庆,重庆,旅顺军港/新玛特/大学城,5.0,1,0.0,121.265063,38.809664,https://dimg04.c-ctrip.com/images/0102a12000o3bjw8c9954.jpg,,,145729969
欢乐雪世界,重庆,重庆,大连国际机场,4.8,87,150.0,121.530385,38.945618,https://dimg04.c-ctrip.com/images/10061f000001gqw7z36FD.jpg,设有儿童戏雪乐园,,10759494
旅顺日俄监狱旧址博物馆,重庆,重庆,旅顺军港/新玛特/大学城,0.0,0,0.0,121.272249,38.830728,https://dimg04.c-ctrip.com/images/0105b12000iqe3zrl841F.jpg,,4A,87736
跨海空中索道,重庆,重庆,老虎滩海洋公园/渔人码头,5.0,6,0.0,121.685226,38.88206,https://dimg04.c-ctrip.com/images/0106w12000o00lj0w83AF.jpg,,,69169518
傅家庄公园,重庆,重庆,付家庄海滨浴场/银沙滩,4.6,77,0.0,121.631148,38.870694,https://dimg04.c-ctrip.com/images/0106r12000in15xkpC8FA.jpg,大连四大海水浴场之一,,10535316
银沙滩浴场,重庆,重庆,付家庄海滨浴场/银沙滩,4.3,15,0.0,121.619333,38.874943,https://dimg04.c-ctrip.com/images/0101912000n84afrq80A8.jpg,沙滩晶莹，海水湛蓝,,56806524
富斯特索滑道,重庆,重庆,大连火车站/青泥洼桥,4.8,64,0.0,121.642082,38.915163,https://dimg04.c-ctrip.com/images/0101k12000f6qc7nr5F57.jpg,,,13402535
闯关东影视基地,重庆,重庆,旅顺军港/新玛特/大学城,4.3,269,58.0,121.244086,38.835816,https://dimg04.c-ctrip.com/images/10091g000001he5hd18C2.jpg,重温影视剧中的经典场景,,97746
三寰牧场,重庆,重庆,距市中心23.0km,4.4,394,10.0,121.356366,38.902787,https://dimg04.c-ctrip.com/images/100p1f000001gpez64B44.jpg,欣赏欧洲原生牧场风貌,,60514877
大长山岛,重庆,重庆,大长山岛,4.3,110,0.0,122.591632,39.279651,https://dimg04.c-ctrip.com/images/0100512000k2uc1so41CE.jpg,充满魅力的海上小城,,79791
大连博物馆,重庆,重庆,星海广场/圣亚海洋世界/星海公园,4.5,245,0.0,121.592569,38.894559,https://dimg04.c-ctrip.com/images/100a0g000000831sj0E5F.jpg,解读大连百年城史,4A,87694
大连森林动物园摩天轮,重庆,重庆,付家庄海滨浴场/银沙滩,4.6,89,58.0,121.619155,38.879119,https://dimg04.c-ctrip.com/images/350g190000015zde68EDD.jpg,,,72050237
大连 · 老狼《纯真年代》巡回演唱会,重庆,重庆,星海广场/圣亚海洋世界/星海公园,0.0,0,0.0,121.598306,38.891205,https://dimg04.c-ctrip.com/images/0103312000qmnij6z4F4B.png,,,152155174
东鸡冠山景区,重庆,重庆,旅顺军港/新玛特/大学城,4.1,196,25.0,121.28441,38.841906,https://dimg04.c-ctrip.com/images/0101x12000kierylyC22F.jpg,保存有日俄战争遗址,4A,87745
金石滩生命奥秘博物馆,重庆,重庆,金石滩国家旅游度假区,4.6,129,74.79,122.015381,39.094924,https://dimg04.c-ctrip.com/images/0105712000iuq05bh0497.jpg,揭示脊椎动物进化历程,,10530503
十里黄金海岸,重庆,重庆,金石滩国家旅游度假区,4.4,286,0.0,121.999141,39.078107,https://dimg04.c-ctrip.com/images/0100w12000mt0xcvx2F6D.jpg,宽阔绵长的天然海水浴场,,76873
劳动公园,重庆,重庆,大连火车站/青泥洼桥,4.7,455,0.0,121.641345,38.917432,https://dimg04.c-ctrip.com/images/0101612000j4kf0ggE63B.jpg,大连市区内的赏花胜地,,75635
大连 · 开心麻花首部惊悚爆笑戏剧《开心聊斋·三生沉浸版》,重庆,重庆,大连火车站/青泥洼桥,0.0,0,0.0,121.640556,38.933555,https://dimg04.c-ctrip.com/images/0104212000lu6gwkh4A00.jpg,命案审判贯穿三生故事,,151795200
有轨电车(机车商厦店),重庆,重庆,西安路商圈,4.4,339,0.0,121.595433,38.922707,https://dimg04.c-ctrip.com/images/0104d12000ev1ttil3898.jpg,感受一个世纪前的浪漫沧桑,,22867146
旅顺樱花园,重庆,重庆,距市中心37.2km,4.6,87,0.0,121.207113,38.833191,https://dimg04.c-ctrip.com/images/1A0o1d000001ejfy9AB73.jpg,大面积四季常青的黑松林,,22867153
大连鲁能海洋温泉,重庆,重庆,金石滩国家旅游度假区,4.5,81,0.0,122.002506,39.082269,https://dimg04.c-ctrip.com/images/100c0z000000mku6b3519.jpg,设施齐全的精品汤泉,,31077274
黑石礁公园,重庆,重庆,星海广场/圣亚海洋世界/星海公园,4.6,262,0.0,121.565254,38.87598,https://dimg04.c-ctrip.com/images/0101b12000g54sklf1FFA.jpg,十亿年前形成的黑色礁石群,,67607717
冰峪沟,重庆,重庆,冰峪沟公园,3.7,509,0.0,122.977912,40.016872,https://dimg04.c-ctrip.com/images/100m0w000000kgh1p99A9.jpg,北方罕见的喀斯特地貌公园,4A,75631
傅家庄海滨浴场,重庆,重庆,付家庄海滨浴场/银沙滩,4.6,239,0.0,121.630583,38.870153,https://dimg04.c-ctrip.com/images/0104o12000p1vva9g1E9F.jpg,休闲放松的理想之地,,76858
獐子岛,重庆,重庆,獐子岛,4.5,47,0.0,122.738507,39.032545,https://dimg04.c-ctrip.com/images/0104912000p131dqh49F5.jpg,观赏白墙红瓦的欧式建筑,,79794
长兴岛,重庆,重庆,距市中心75.3km,4.8,170,0.0,121.398086,39.573315,https://dimg04.c-ctrip.com/images/0100b12000p1wl84b0638.jpg,横卧于渤海之滨，水清沙细,,79500
老虎滩码头景区,重庆,重庆,老虎滩海洋公园/渔人码头,5.0,7,0.0,121.68254,38.87857,https://dimg04.c-ctrip.com/images/1lo3012000dwyv8ae2AF1.jpg,,,145752284
英歌石植物园,重庆,重庆,距市中心22.3km,4.4,511,30.0,121.364952,38.901578,https://dimg04.c-ctrip.com/images/100n1g000001har2b3BED.jpg,赏花的好去处,4A,13250626
世纪留声·世界音乐文化博物馆,重庆,重庆,中山广场/人民路东港商务区,4.7,250,50.0,121.696899,38.931222,https://dimg04.c-ctrip.com/images/1lo4s12000kt37f4g4DA3.png,游览专业音乐文化博物馆,,55707182
山海奇幻谷,重庆,重庆,金石滩国家旅游度假区,4.4,26,0.0,122.049854,39.085894,https://dimg04.c-ctrip.com/images/1lo2i12000dtfn5wb5252.jpg,AR还原《山海经》神兽,,145090103
港东五街,重庆,重庆,中山广场/人民路东港商务区,4.7,3,0.0,121.702052,38.93034,https://dimg04.c-ctrip.com/images/0101712000hb06jaj345E.jpg,,,145055395
小水口森林公园,重庆,重庆,小长山岛,4.4,68,30.0,122.757704,39.238355,https://dimg04.c-ctrip.com/images/0104c120009e0s61b765A.jpg,,,18441125
星海湾海水浴场,重庆,重庆,星海广场/圣亚海洋世界/星海公园,4.5,225,0.0,121.586978,38.882611,https://dimg04.c-ctrip.com/images/0106k12000p63v3nrD2BC.jpg,我国较大人工海水浴场,,33781197
汤景泽日式温泉,重庆,重庆,金石滩国家旅游度假区,4.4,63,218.0,121.96468,39.078652,https://dimg04.c-ctrip.com/images/10080x000000l39yf4234.png,享受多种风格的温泉浴池,,33520620
龙王塘樱花园,重庆,重庆,距市中心20.1km,4.5,185,0.0,121.40386,38.855672,https://dimg04.c-ctrip.com/images/0105812000nu89fan9836.jpg,观赏数十种品种不同的樱花,,87750
海上游大连(东港码头店),重庆,重庆,中山广场/人民路东港商务区,4.2,6,0.0,121.669787,38.939707,https://dimg04.c-ctrip.com/images/1lo2512000e2suq9lF0CF.jpg,,,146190650
大连天门山国家森林公园,重庆,重庆,距市中心>100km,4.5,284,60.0,122.905383,40.172373,https://dimg04.c-ctrip.com/images/0100412000a1sdq4xAA2D.jpg,参观历史悠久的寺庙,4A,13301914
蓝色港湾滨海乐园,重庆,重庆,中山广场/人民路东港商务区,4.7,23,0.0,121.689249,38.935037,https://dimg04.c-ctrip.com/images/100914000000w4tkj3AA7.jpg,欧式小镇般梦幻设计,,61424579
晨曦沙滩,重庆,重庆,老虎滩海洋公园/渔人码头,4.0,5,0.0,121.724124,38.903907,https://dimg04.c-ctrip.com/images/0104a12000corer4k170F.jpg,海蚀洞口框日出美景,,136462624
大连港国际邮轮中心,重庆,重庆,中山广场/人民路东港商务区,5.0,3,0.0,121.669119,38.936274,https://dimg04.c-ctrip.com/images/0100i12000oj8ed4y27F9.jpg,,,112648006
熊洞街,重庆,重庆,香炉礁/梭鱼湾专业足球场,4.4,17,0.0,121.591607,38.946748,https://dimg04.c-ctrip.com/images/0103v12000pvjne58D33C.jpg,巨熊机械融蒸汽朋克艺术,,133978522
老码头帆船基地,重庆,重庆,中山广场/人民路东港商务区,3.8,16,0.0,121.673537,38.935856,https://dimg04.c-ctrip.com/images/1002180000015gv0f857A.jpg,乘船观赏大连海上风光,,58261202
蛇岛自然博物馆,重庆,重庆,距市中心35.9km,5.0,17,0.0,121.233167,38.808047,https://dimg04.c-ctrip.com/images/1me4s12000odjdns6ED0B.jpg,,,58277269
星海湾景区,重庆,重庆,星海广场/圣亚海洋世界/星海公园,4.7,117,0.0,121.576124,38.883935,https://dimg04.c-ctrip.com/images/010471200089jok9d89A3.jpg,观看星海湾优美海景,,24653950
南山旅游风情一条街,重庆,重庆,中山广场/人民路东港商务区,4.4,122,0.0,121.659332,38.91912,https://dimg04.c-ctrip.com/images/100h1f000001gruj8004B.jpg,日式风情特色街区,,97762
塔河湾·欢乐海岸,重庆,重庆,旅顺军港/新玛特/大学城,4.4,59,68.0,121.335504,38.825917,https://dimg04.c-ctrip.com/images/35011b000001c2b7i2125.jpg,感受别样的海滩生活,,58277259
EX未来科技馆,重庆,重庆,金石滩国家旅游度假区,4.1,40,68.88,122.016367,39.09554,https://dimg04.c-ctrip.com/images/0101b120008vl7fx49277.jpg,,,129907258
漫汤泉,重庆,重庆,中山广场/人民路东港商务区,4.0,1,0.0,121.669302,38.931483,https://dimg04.c-ctrip.com/images/1me4l12000obb7hhp81ED.jpg,,,149826872
广鹿岛,重庆,重庆,广鹿岛,4.6,69,0.0,122.366185,39.184662,https://dimg04.c-ctrip.com/images/0100b12000nlsqrtl2F86.jpg,盛产虾夷扇贝,,87662
大连 · 沉浸式环境互动戏剧《老酒馆》,重庆,重庆,人民广场/大连市政府,0.0,0,0.0,121.627105,38.924342,https://dimg04.c-ctrip.com/images/0101212000mpi2h9kE5A4.png,,,152784055
大连 · 2025-2026跨年倒计时《爱情不停站》演唱会,重庆,重庆,大连火车站/青泥洼桥,0.0,0,0.0,121.644196,38.92804,https://dimg04.c-ctrip.com/images/0106212000peplncz80F0.png,,,153331015
大连喂梅花鹿,重庆,重庆,人民广场/大连市政府,0.0,0,0.0,121.620514,38.904122,https://dimg04.c-ctrip.com/images/0101d12000juceojzCEE2.jpg,,,151074804
将军石滑雪场,重庆,重庆,距市中心>100km,4.0,51,68.0,121.689807,39.917996,https://dimg04.c-ctrip.com/images/100v1f000001h1b2lDB7D.jpg,项目丰富的滑雪乐园,,40158464
星海游艇码头,重庆,重庆,星海广场/圣亚海洋世界/星海公园,4.8,96,0.0,121.580859,38.883585,https://dimg04.c-ctrip.com/images/1lo3512000lq329jm45DE.jpg,,,13167751
大连观海鸥,重庆,重庆,星海广场/圣亚海洋世界/星海公园,0.0,0,0.0,121.59447,38.888025,https://dimg04.c-ctrip.com/images/0106h12000jucwc4x9DB2.jpg,,,151074795
大连森林动物园奥特曼冰雪世界,重庆,重庆,付家庄海滨浴场/银沙滩,4.1,8,99.0,121.619217,38.878315,https://dimg04.c-ctrip.com/images/1lo6z12000etze8v43155.png,浮雕舞台塑造奥特宇宙,,146187439
海底隧道,重庆,重庆,星海广场/圣亚海洋世界/星海公园,5.0,1,0.0,121.577205,38.884579,https://dimg04.c-ctrip.com/images/0104812000973y91v31E6.jpg,,,145124415
金石滩·快乐雪世界,重庆,重庆,金石滩国家旅游度假区,4.7,25,96.0,122.016273,39.08571,https://dimg04.c-ctrip.com/images/1lo1b12000hke5e3z5524.jpg,,,136002414
大连安波滑雪场,重庆,重庆,距市中心>100km,4.2,66,0.0,122.289741,39.820008,https://dimg04.c-ctrip.com/images/350r1a0000019ap560E5E.jpg,雪道设计合理、层次分明,,18166957
蛤蜊岛,重庆,重庆,距市中心>100km,4.2,83,0.0,123.045943,39.653906,https://dimg04.c-ctrip.com/images/1lo1712000dl7y49e94C0.jpg,岛上花草茂盛，鸟类王国,,18395906
大连 · 四熹丸子（徐化文）《秋风》巡回演唱会,重庆,重庆,中山广场/人民路东港商务区,0.0,0,0.0,121.650848,38.928434,https://dimg04.c-ctrip.com/images/0102m12000cf2pt8q3A2C.png,,,153408443
庐山风景名胜区,苏州,江苏,距市中心4.3km,4.5,18475,160.0,115.978717,29.527588,https://dimg04.c-ctrip.com/images/0100612000jhymwth21D4.jpg,匡庐奇秀甲天下,5A,101223
庐山索道,苏州,江苏,庐山山上,4.7,829,65.0,115.983165,29.577835,https://dimg04.c-ctrip.com/images/0101q12000awt4tj42C90.jpg,周边分布数百种松柏,,47520192
三叠泉,苏州,江苏,庐山山上,4.5,3135,63.0,116.052374,29.559669,https://dimg04.c-ctrip.com/images/0100512000j146bs33214.jpg,近距离感受三叠泉的冲击,,75833
白鹿洞书院,苏州,江苏,距市中心6.2km,4.6,815,40.0,116.04821,29.523434,https://dimg04.c-ctrip.com/images/0100512000j1ziv1eC335.jpg,中国四大书院之一,,75837
秀峰,苏州,江苏,距市中心9.2km,4.6,919,57.0,115.981726,29.480126,https://dimg04.c-ctrip.com/images/0103s12000f6tt0676100.jpg,欣赏形态各异的山峰,4A,79511
大口瀑布,苏州,江苏,庐山山上,3.1,83,0.0,116.000873,29.547306,https://dimg04.c-ctrip.com/images/0100f12000nluob7zBC0A.jpg,冰川遗迹，观彩虹飞瀑,,82192
牯岭街,苏州,江苏,庐山山上,4.6,304,0.0,115.987831,29.574216,https://dimg04.c-ctrip.com/images/0106n120009ddhzcx432B.jpg,商店与西式别墅林立,,82191
东林大佛,苏州,江苏,东林大佛/东林寺净土苑,4.6,96,0.0,115.896154,29.430599,https://dimg04.c-ctrip.com/images/0106t12000f6sqszd69B3.jpg,世界较高的阿弥陀佛铜像,,18257332
庐山-七彩瀑布,苏州,江苏,庐山山上,4.7,175,0.0,115.999614,29.541999,https://dimg04.c-ctrip.com/images/0101l12000j145rkd117B.jpg,观赏有名的三叠泉,,88692
美庐别墅,苏州,江苏,庐山山上,4.5,582,0.0,115.990121,29.570082,https://dimg04.c-ctrip.com/images/0102p12000iiun13lD34A.jpg,蒋宋曾居住的复古式别墅,,75831
庐山天沐温泉,苏州,江苏,东林大佛/东林寺净土苑,4.4,586,98.0,115.93449,29.420801,https://dimg04.c-ctrip.com/images/0103812000f6tvfxs4920.jpg,毗邻陶村的老牌温泉中心,4A,10559226
三叠泉缆车,苏州,江苏,庐山山上,4.1,178,0.0,116.030899,29.566544,https://dimg04.c-ctrip.com/images/01015120009isl6al3EE4.jpg,体验穿梭于山林之中的乐趣,,21061007
含鄱口,苏州,江苏,庐山山上,4.6,366,50.0,115.982638,29.548803,https://dimg04.c-ctrip.com/images/0102812000ms6df4q1653.jpg,庐山观日出胜地之一,,75823
碧龙潭景区,苏州,江苏,距市中心5.6km,4.3,81,29.9,116.040249,29.598546,https://dimg04.c-ctrip.com/images/0103612000ijfymw61D67.jpg,典型冰川地貌，风景奇特,,10530390
庐山会议旧址,苏州,江苏,庐山山上,0.0,0,0.0,115.983325,29.564629,https://dimg04.c-ctrip.com/images/0100112000f6t2fz40D1E.jpg,,,75827
庐山名人别墅,苏州,江苏,庐山山上,4.0,83,0.0,115.984534,29.562474,https://dimg04.c-ctrip.com/images/fd/tg/g1/M06/35/70/CghzfFW3LLOAKCe0ABNQ9JJk0Fc779.jpg,,,88580
浔阳楼,苏州,江苏,浔阳楼/大中路步行街,4.2,952,17.0,116.008676,29.739453,https://dimg04.c-ctrip.com/images/1lo3512000d9eoa7e66B3.png,登上顶层眺望长江,,88635
庐山抗战博物馆,苏州,江苏,庐山山上,0.0,24,0.0,115.982729,29.564888,https://dimg04.c-ctrip.com/images/0103d12000b73izlo47EE.jpg,,,22893602
牯岭镇,苏州,江苏,庐山山上,4.0,1,0.0,115.988559,29.574477,https://dimg04.c-ctrip.com/images/1me3j12000lja5mgz9B10.jpg,,,69344259
庐山汤太宗温泉度假村,苏州,江苏,东林大佛/东林寺净土苑,4.2,50,168.0,115.935103,29.427887,https://dimg04.c-ctrip.com/images/01037120000u88n2b9760.jpg,汉唐风韵特色,4A,64970709
庐山恋影院(河西路店),苏州,江苏,庐山山上,4.7,534,40.0,115.991224,29.571662,https://dimg04.c-ctrip.com/images/10091f000001gspyu700F.jpg,在古老影院看一场怀旧电影,,10758994
庐山泡温泉,苏州,江苏,东林大佛/东林寺净土苑,0.0,0,0.0,115.93422,29.422318,https://dimg04.c-ctrip.com/images/350m0y000000m924n25AB.jpg,,,148897096
庐山植物园,苏州,江苏,庐山山上,4.3,136,0.0,115.99494,29.552523,https://dimg04.c-ctrip.com/images/0100412000866ogp88E04.jpg,正规的科研植物园,,75836
如琴湖,苏州,江苏,庐山山上,4.7,225,0.0,115.977834,29.57134,https://dimg04.c-ctrip.com/images/10021f000001gxelv1DD4.jpg,走一走白司马花径,,91421
五老峰景区,苏州,江苏,庐山山上,4.6,767,0.0,116.022631,29.551952,https://dimg04.c-ctrip.com/images/1A041900000181u54AB8C.jpg,形状恰似五位老翁,,75838
庐山牯岭街心公园,苏州,江苏,庐山山上,4.3,47,0.0,115.990744,29.574921,https://dimg04.c-ctrip.com/images/0102m12000b6aougrC3EE.jpg,,,18139662
观音桥景区,苏州,江苏,距市中心5.0km,4.5,124,40.0,116.018034,29.518693,https://dimg04.c-ctrip.com/images/0101j12000kpygigz29B5.jpg,横跨大峡谷的千年石拱桥,4A,101217
庐山山南(牯岭镇),苏州,江苏,庐山山上,0.0,0,0.0,115.989126,29.548941,https://dimg04.c-ctrip.com/images/1me3g12000nulq5sl798E.jpg,,,144178289
庐山博物馆,苏州,江苏,庐山山上,4.7,103,0.0,115.984473,29.556433,https://dimg04.c-ctrip.com/images/0106o12000a886tlh7820.jpg,,,82195
三叠泉-观景台,苏州,江苏,庐山山上,5.0,2,0.0,116.039597,29.570344,https://dimg04.c-ctrip.com/images/0102j12000hb45fx81FDB.jpg,,,145711914
鄱阳湖,苏州,江苏,距庐山15.4km,4.7,11,0.0,116.107596,29.457774,https://dimg04.c-ctrip.com/images/0105i12000f220t33D405.jpg,,,130886850
庐山花径,苏州,江苏,庐山山上,4.5,238,0.0,115.974209,29.570232,https://dimg04.c-ctrip.com/images/0104j12000p1wk1eiBEC9.jpg,繁花似锦、曲径通幽,,75824
秀峰瀑布,苏州,江苏,距市中心9.2km,5.0,3,0.0,115.980912,29.480269,https://dimg04.c-ctrip.com/images/0104o12000ill9qtp08E3.jpg,,,69533362
仙人洞,苏州,江苏,庐山山上,4.5,220,0.0,115.969071,29.56837,https://dimg04.c-ctrip.com/images/0101912000o663nxw39E0.jpg,形似佛手，道教的福地洞天,,75835
锦绣谷,苏州,江苏,庐山山上,4.8,533,0.0,115.971395,29.570172,https://dimg04.c-ctrip.com/images/0102r12000nwo6gbk7476.jpg,赏庐山云雾佳地,,75828
上汤温泉,苏州,江苏,东林大佛/东林寺净土苑,4.3,193,68.0,115.936118,29.424398,https://dimg04.c-ctrip.com/images/100q1f000001grkjj282B.jpg,拥有丰富的温泉种类,,88653
白居易草堂,苏州,江苏,庐山山上,4.0,48,0.0,115.973931,29.570453,https://dimg04.c-ctrip.com/images/1001hk124dixb66kwA43C.jpg,,,18134165
庐山石门涧风景区,苏州,江苏,庐山山上,4.4,203,39.9,115.956343,29.564488,https://dimg04.c-ctrip.com/images/0104f12000f6qjlcb70B8.jpg,,,75834
毛泽东庐山诗词苑,苏州,江苏,距市中心1.8km,0.0,0,0.0,115.982782,29.558012,https://dimg04.c-ctrip.com/images/10050v000000jumf48743.jpg,,,18134171
庐山国家重点风景名胜区诺那塔院-小天池,苏州,江苏,庐山山上,3.9,32,0.0,116.000983,29.587602,https://dimg04.c-ctrip.com/images/0HJ1n12000pjmxh0kC426.jpg,,,82190
庐山会议旧址-会场,苏州,江苏,距市中心1.8km,3.0,1,0.0,115.983727,29.564806,https://dimg04.c-ctrip.com/images/0HJ0g12000g8ifibeB924.jpg,,,144238770
锦绣谷-险峰,苏州,江苏,距市中心3.0km,4.7,44,0.0,115.973478,29.57244,https://dimg04.c-ctrip.com/images/0101k12000f6qxvihEF3C.jpg,,,18257348
庐山看晚霞,苏州,江苏,庐山山上,0.0,0,0.0,115.992711,29.549663,https://dimg04.c-ctrip.com/images/0103212000fpfqt7w8F01.jpg,,,148928567
锦绣谷-好运石,苏州,江苏,庐山山上,4.5,51,0.0,115.975077,29.572746,https://dimg04.c-ctrip.com/images/0101z12000f6rhat7707A.jpg,,,24650172
庐山桃花源景区,苏州,江苏,距市中心12.2km,4.3,36,15.0,115.921606,29.476279,https://dimg04.c-ctrip.com/images/0105p120008if9sjc0432.jpg,观赏美丽的桃花,,88655
黄龙潭,苏州,江苏,庐山山上,4.4,92,0.0,115.969946,29.556902,https://dimg04.c-ctrip.com/images/01A5z120009y2er4s69D7.jpg,瀑布冲击形成暗绿色的深潭,,75825
庐山东林大峡谷,苏州,江苏,距市中心3.9km,4.3,121,40.0,115.985965,29.592957,https://dimg04.c-ctrip.com/images/350t0u000000itnba8012.jpg,天然氧吧，四季可赏瀑布,,10548072
锦绣谷-御碑亭,苏州,江苏,庐山山上,4.4,24,0.0,115.969047,29.568325,https://dimg04.c-ctrip.com/images/10010v000000k6flu4F7B.jpg,,,18137293
锦绣谷-谈判台,苏州,江苏,庐山山上,4.3,26,0.0,115.970475,29.569544,https://dimg04.c-ctrip.com/images/100a0v000000jutt359C6.jpg,,,21063709
老别墅的故事,苏州,江苏,庐山山上,4.7,84,0.0,115.988496,29.566562,https://dimg04.c-ctrip.com/images/0105v120008jksa6s1F57.jpg,欣赏老别墅中的蜡像,,98949
庐山国家级旅游风景名胜区-芦林湖,苏州,江苏,庐山山上,4.6,182,0.0,115.981184,29.555727,https://dimg04.c-ctrip.com/images/10011f000001h38dw664E.jpg,湖水如镜、风景优美,,75830
毛泽东同志旧居,苏州,江苏,庐山山上,4.0,2,0.0,115.983299,29.557039,https://dimg04.c-ctrip.com/images/1mh2e12000ohp2v1uE8FE.jpg,,,144178248
醉石温泉,苏州,江苏,东林大佛/东林寺净土苑,4.2,97,88.0,115.933559,29.432664,https://dimg04.c-ctrip.com/images/0104512000964mqbwAF15.jpg,温泉水十分清澈,,10548078
九江泡温泉,苏州,江苏,东林大佛/东林寺净土苑,0.0,0,0.0,115.934177,29.422343,https://dimg04.c-ctrip.com/images/0104512000964mqbwAF15.jpg,,,149675580
黄龙寺,苏州,江苏,庐山山上,4.3,43,0.0,115.974889,29.556194,https://dimg04.c-ctrip.com/images/0100s12000f6ttb9m068C.jpg,,,88683
庐山国家重点风景名胜区-天桥,苏州,江苏,庐山山上,4.6,56,0.0,115.975376,29.57196,https://dimg04.c-ctrip.com/images/0101g1200087cwz3w6786.jpg,,,18134102
石钟山,苏州,江苏,距庐山30.4km,4.4,419,40.0,116.229041,29.74956,https://dimg04.c-ctrip.com/images/010691200081sg78801DF.jpg,《石钟山记》出处,4A,88673
鄱阳湖畔,苏州,江苏,距市中心7.1km,0.0,0,0.0,116.071832,29.543411,https://dimg04.c-ctrip.com/images/0102a12000f6m791rCEAF.jpg,,,145332412
三宝树,苏州,江苏,庐山山上,4.2,102,0.0,115.974756,29.556292,https://dimg04.c-ctrip.com/images/0102d120008ixjmd3296B.jpg,,,75832
庐山国家级旅游风景名胜区-望江亭,苏州,江苏,庐山山上,4.5,11,0.0,115.99651,29.582609,https://dimg04.c-ctrip.com/images/0100312000f6ppqq324A3.jpg,,,18139666
东林寺净土苑,苏州,江苏,东林大佛/东林寺净土苑,5.0,1,0.0,115.89654,29.426978,https://dimg04.c-ctrip.com/images/0104f12000f6uir8nAC64.png,,,134026640
大天池,苏州,江苏,距市中心3.7km,3.6,70,0.0,115.963509,29.563602,https://dimg04.c-ctrip.com/images/0104612000f6tsst730F4.jpg,,,82189
星龙索道,苏州,江苏,距市中心3.3km,4.5,21,50.0,115.967431,29.557493,https://dimg04.c-ctrip.com/images/10060v000000jpph1AE06.jpg,,,13703433
飞来石,苏州,江苏,庐山山上,4.6,25,0.0,116.042055,29.568082,https://dimg04.c-ctrip.com/images/0102x12000ax9f4rc00E1.jpg,,,18137311
庐山仰天坪日出观景台,苏州,江苏,距市中心4.3km,5.0,1,0.0,115.967238,29.536961,https://dimg04.c-ctrip.com/images/0104x12000g6hrskiFDE3.png,,,145363626
含鄱亭,苏州,江苏,距市中心1.5km,0.0,0,0.0,115.993419,29.549453,https://dimg04.c-ctrip.com/images/0HJ3d12000g2vno98092F.jpg,,,145125262
香炉峰,苏州,江苏,距市中心9.6km,0.0,0,0.0,115.971695,29.478841,https://dimg04.c-ctrip.com/images/0HJ0312000g2uwkedD755.jpg,,,145710312
庐山国家重点风景名胜区-诺那塔院,苏州,江苏,庐山山上,4.6,9,0.0,116.000934,29.587154,https://dimg04.c-ctrip.com/images/10040z000000mpufwD5E3.jpg,,,69563394
龙潭,苏州,江苏,距市中心9.4km,4.0,1,0.0,115.985855,29.477209,https://dimg04.c-ctrip.com/images/0102z12000ax9ks839209.jpg,,,24651473
庐山国家重点风景名胜区-乌龙潭,苏州,江苏,庐山山上,4.1,67,0.0,115.972746,29.557936,https://dimg04.c-ctrip.com/images/10011h000001i2zllB94F.jpg,,,75826
秀峰索道,苏州,江苏,距市中心9.2km,0.0,0,0.0,115.981726,29.480126,https://dimg04.c-ctrip.com/images/1lo6r12000p0108kz0F97.jpg,,,153202721
莲花洞森林公园,苏州,江苏,距市中心6.8km,4.0,18,0.0,115.997814,29.622262,https://dimg04.c-ctrip.com/images/01014120009dnn6s5806D.jpg,领略壮美的悬泉瀑布,,88650
好汉坡,苏州,江苏,庐山山上,4.4,16,0.0,115.996813,29.58832,https://dimg04.c-ctrip.com/images/0100u12000atzd73h7152.jpg,,,18134133
天下第一泉,苏州,江苏,距市中心8.8km,0.0,0,0.0,115.944842,29.499807,https://dimg04.c-ctrip.com/images/0103f12000d21qgqg8CF0.jpg,,,134097012
庐山东林古镇,苏州,江苏,东林大佛/东林寺净土苑,4.5,2,0.0,115.895316,29.418916,https://dimg04.c-ctrip.com/images/0106e12000a05or2hAF1D.jpg,,,112649059
女儿城,苏州,江苏,距市中心2.2km,4.0,1,0.0,116.00395,29.580931,https://dimg04.c-ctrip.com/images/0HJ3o12000g2xj6jmB053.jpg,,,140872850
周恩来纪念室,苏州,江苏,距市中心1.6km,0.0,0,0.0,115.989579,29.570692,https://dimg04.c-ctrip.com/images/0101612000bp3bsaaFFFC.jpg,,,18137269
九江庐山滑翔伞基地,苏州,江苏,距市中心10.1km,5.0,4,0.0,116.001489,29.470376,https://dimg04.c-ctrip.com/images/0103w12000g23jwunABE9.jpg,,,146124898
庐山会议旧址-广场,苏州,江苏,距市中心1.8km,3.0,1,0.0,115.983125,29.564563,https://dimg04.c-ctrip.com/images/0100b12000b2ggnylA21C.jpg,,,51875644
芦林一号,苏州,江苏,庐山山上,4.5,2,0.0,115.984513,29.556316,https://dimg04.c-ctrip.com/images/0101v12000bby7v8g11AD.jpg,,,58277586
天沐温泉度假村,苏州,江苏,东林大佛/东林寺净土苑,0.0,0,0.0,115.93449,29.420801,https://dimg04.c-ctrip.com/images/0HJ0612000g2t2qop0AF2.jpg,,,144177509
庐山国家级旅游风景名胜区-观妙亭,苏州,江苏,距市中心3.2km,4.1,25,0.0,115.969597,29.569246,https://dimg04.c-ctrip.com/images/fd/tg/g1/M08/37/A5/CghzfFW3OCKARLGiAA-IrAk6PHM235.jpg,一览庐山美景,,18137323
天合谷,苏州,江苏,距市中心1.6km,2.0,8,0.0,115.994395,29.5483,https://dimg04.c-ctrip.com/images/0HJ2q12000g6ro0osC13E.jpg,,,88636
吼虎岭,苏州,江苏,距市中心1.9km,5.0,1,0.0,115.981527,29.560405,https://dimg04.c-ctrip.com/images/01048120009bx1xl958EB.png,,,65191379
庐山飞行乐园·国家滑翔伞航空营地,苏州,江苏,距市中心10.1km,5.0,1,0.0,115.998983,29.470686,https://dimg04.c-ctrip.com/images/1mh6812000os0zg5kD54D.jpg,,,148441052
庐山石刻博物馆,苏州,江苏,庐山山上,4.5,2,0.0,115.987629,29.567748,https://dimg04.c-ctrip.com/images/0103i12000boohrnk5E1F.jpg,参观岩石及十八罗汉水彩画,,51930641
龙首崖,苏州,江苏,庐山山上,4.3,89,0.0,115.961068,29.56262,https://dimg04.c-ctrip.com/images/10021f000001gxdd43C40.jpg,孤悬空中宛如苍龙昂首,,75829
庐山国家级旅游风景名胜区石门涧风景区-滑道,苏州,江苏,庐山山上,0.0,0,0.0,115.952324,29.565759,https://dimg04.c-ctrip.com/images/0101v120009a494ip6E95.png,,,13412898
庐山国家重点风景名胜区-伴月公园,苏州,江苏,庐山山上,4.8,26,0.0,115.989721,29.574643,https://dimg04.c-ctrip.com/images//100v1700000129uqtB0B8.jpg,,,18139661
赛珍珠纪念馆,苏州,江苏,距市中心1.3km,5.0,1,0.0,115.989,29.566,https://dimg04.c-ctrip.com/images/0102q12000d39weex6D5C.jpg,,,51867027
庐山花语世界,苏州,江苏,距市中心10.2km,5.0,1,0.0,116.001865,29.469016,https://dimg04.c-ctrip.com/images/1lo3o12000ffe16gnB570.jpg,,,145312733
好汉坡起点,苏州,江苏,距市中心6.1km,0.0,0,0.0,115.993474,29.615573,https://dimg04.c-ctrip.com/images/0HJ5o12000g88h0ktFDD2.jpg,,,145362033
庐山诗词博物馆,苏州,江苏,距市中心1.5km,5.0,1,0.0,115.987831,29.568208,https://dimg04.c-ctrip.com/images/0106s12000ax8wweaCE50.jpg,,,105418254
玉川门,苏州,江苏,庐山山上,4.7,308,0.0,116.044808,29.566407,https://dimg04.c-ctrip.com/images/0107012000arh9lmq8805.jpg,,,11790866
海会镇,苏州,江苏,距市中心6.6km,5.0,8,0.0,116.066211,29.545202,https://dimg04.c-ctrip.com/images/0106y120009w5g5hz5F8A.png,,,24650095
庐山国家重点风景名胜区-观云亭,苏州,江苏,距市中心2.3km,4.0,9,0.0,115.99071,29.579974,https://dimg04.c-ctrip.com/images/0104j120009ff4d6t2C18.jpg,,,18137303
南昌汉代海昏侯国遗址公园,苏州,江苏,距庐山58.8km,4.7,3551,74.8,115.945863,29.034363,https://dimg04.c-ctrip.com/images/1lo6912000hyj8n4b7E43.jpg,千年侯国 传奇海昏,4A,100097555
九江市庐山直升机旅游有限公司(女儿城路),苏州,江苏,庐山山上,5.0,1,0.0,116.00192,29.585309,https://dimg04.c-ctrip.com/images/0100x1200081yv1pn50DC.jpg,,,96318828
庐山国家重点风景名胜区-原孔祥熙别墅,苏州,江苏,距市中心1.7km,0.0,0,0.0,115.98653,29.56944,https://dimg04.c-ctrip.com/images/0HJ0612000g88w2r80B97.jpg,,,145550037
悬索桥,苏州,江苏,庐山山上,4.7,22,0.0,115.959026,29.55955,https://dimg04.c-ctrip.com/images/0101m12000b8as7555EEE.jpg,四周景色尽收眼底,,18137282
湖南省博物馆,厦门,福建,湖南博物馆/北辰三角洲,4.8,14637,0.0,113.000037,28.217634,https://dimg04.c-ctrip.com/images/0102w12000hxmbahsCCAE.jpg,赏马王堆汉墓文物,4A,77595
橘子洲景区,厦门,福建,距市中心1.8km,4.6,12944,0.0,112.968536,28.192735,https://dimg04.c-ctrip.com/images/0103o120005pr19sjA7F7.jpg,湘江北去，橘子洲头,5A,77604
杜甫江阁,厦门,福建,五一广场/IFS国金中心,4.6,8928,18.0,112.975169,28.190418,https://dimg04.c-ctrip.com/images/0105h1200087ee8zuF875.jpg,登高远眺湘江欣赏盛大烟火,,13562479
岳麓山,厦门,福建,岳麓山/梅溪湖公园,4.6,5236,0.0,112.942703,28.189911,https://dimg04.c-ctrip.com/images/0100612000fa8yvrk1F21.jpg,一座岳麓山，半部湖南史,5A,77605
李自健美术馆,厦门,福建,洋湖公园/大王山度假区,4.9,803,0.0,112.9556,28.125087,https://dimg04.c-ctrip.com/images/1lo5712000fu0sjvc9B6C.jpg,艺术家个人美术馆,,31678581
岳麓书院,厦门,福建,岳麓山/梅溪湖公园,4.6,3502,0.0,112.947169,28.186434,https://dimg04.c-ctrip.com/images/0104x12000h0mz8dzEB52.jpg,千年学府感悟书香人文,,77607
长沙世界之窗,厦门,福建,芒果馆/世界之窗,4.8,18134,110.0,113.061306,28.242997,https://dimg04.c-ctrip.com/images/1lo4u12000qbxr6v732E0.jpg,观看世界各地标志性建筑,4A,10558672
天心阁,厦门,福建,五一广场/IFS国金中心,4.3,2465,28.0,112.988444,28.190419,https://dimg04.c-ctrip.com/images/1lo5q12000frk8nak5A44.jpg,主副三阁，间以游廊,4A,77606
湘江游轮,厦门,福建,距市中心2.0km,4.4,1197,118.0,112.967424,28.190097,https://dimg04.c-ctrip.com/images/100o1f000001gp35w0F93.jpg,欣赏湘江两岸和地标橘子洲,,30229697
五一广场,厦门,福建,五一广场/IFS国金中心,4.6,106,0.0,112.983894,28.202125,https://dimg04.c-ctrip.com/images/0100l12000hszz90fBEA6.jpg,交通便利，休闲娱乐的好去处,,126934701
长沙海底世界,厦门,福建,芒果馆/世界之窗,4.6,3460,150.0,113.061974,28.238405,https://dimg04.c-ctrip.com/images/1lo4h12000ccc8s2p02DF.jpg,观赏海洋生物夏季亲水消暑,4A,87289
铜官窑国风乐园,厦门,福建,铜官窑度假区,4.5,3505,88.0,112.843614,28.413649,https://dimg04.c-ctrip.com/images/1lo4h12000q5j0yc9FED8.jpg,"逛民间博物馆看精彩演出, 梦幻夜游打卡地",4A,56095164
华谊兄弟(长沙)电影小镇,厦门,福建,洋湖公园/大王山度假区,4.6,4501,98.0,112.923064,28.084483,https://dimg04.c-ctrip.com/images/0100y120009bf9i6u72C5.jpg,电影主题的综合文旅景区,4A,56383166
长沙湘江海洋王国,厦门,福建,洋湖公园/大王山度假区,4.6,1440,99.0,112.91945,28.085248,https://dimg04.c-ctrip.com/images/1lo6z12000ceugqgqD6C4.jpg,"综合性沉浸式海洋主题乐园, 6大原创IP花车惊艳亮相",,142216358
长沙方特东方神画,厦门,福建,距市中心37.8km,4.8,3492,79.0,112.600968,28.208896,https://dimg04.c-ctrip.com/images/350716000000zffin0402.jpg,以华夏历史文明传承为特色,,61613156
马王堆汉墓遗址,厦门,福建,万家丽/扬帆夜市,4.4,327,0.0,113.033771,28.211651,https://dimg04.c-ctrip.com/images/1mh4412000bbdy14c4659.jpg,马王堆女尸和陪葬品出土地,,77625
长沙生态动物园,厦门,福建,长沙理工云塘校区/长沙生态动物园,4.3,4272,40.0,113.010867,28.039024,https://dimg04.c-ctrip.com/images/100k13000000vb221B975.jpg,观赏珍贵野生动物,4A,77623
太平老街,厦门,福建,五一广场/IFS国金中心,4.6,1148,0.0,112.978568,28.19927,https://dimg04.c-ctrip.com/images/0100212000hszzej3FF28.png,逛老街品美食淘小物,,92373
长沙逛夜市,厦门,福建,万家丽/扬帆夜市,0.0,0,0.0,113.04505,28.196355,https://dimg04.c-ctrip.com/images/100b1d000001eis6h8527.jpg,,,148474262
湘江,厦门,福建,长沙理工云塘校区/长沙生态动物园,4.6,491,0.0,112.95,28.04702,https://dimg04.c-ctrip.com/images/fd/tg/g2/M09/8B/6C/Cghzf1Ww4iyACz09AAjCbN7kxnA422.jpg,长沙的母亲河,,80048
浏阳天空剧院,厦门,福建,距市中心67.7km,4.7,77,0.0,113.675603,28.164628,https://dimg04.c-ctrip.com/images/0102j12000hpdjr6uAFBF.png,,,133987623
橘子洲《恰同学少年》青春剧场,厦门,福建,距市中心1.8km,4.8,211,198.0,112.968734,28.199879,https://dimg04.c-ctrip.com/images/1lo4512000gmuvhon3203.jpg,沉浸体验湖湘青年峥嵘岁月,,136617429
潮宗街历史文化街区,厦门,福建,五一广场/IFS国金中心,4.9,22,0.0,112.980338,28.208594,https://dimg04.c-ctrip.com/images/0100212000hszaphs033C.png,街区见证长沙的历史变迁,,56809346
长沙博物馆,厦门,福建,湖南博物馆/北辰三角洲,4.5,205,0.0,112.987283,28.247447,https://dimg04.c-ctrip.com/images/0100q12000iksir7g5F69.jpg,赏诗词长廊,,18471305
大王山国际旅游度假区,厦门,福建,洋湖公园/大王山度假区,4.4,25,0.0,112.916424,28.090197,https://dimg04.c-ctrip.com/images/1lo4112000e6og3yoA95A.jpg,雪与水为主题的深坑乐园,,52156886
万家丽世界名人蜡像馆,厦门,福建,万家丽/扬帆夜市,4.4,380,0.0,113.038684,28.197377,https://dimg04.c-ctrip.com/images/0106x12000f6soew6BAE8.jpg,,,31675401
靖港古镇,厦门,福建,铜官窑度假区,4.6,904,39.0,112.796564,28.463662,https://dimg04.c-ctrip.com/images/1lo5c12000fdlc1re4EE9.jpg,靖港水战发生地,4A,99775
黄兴路步行街,厦门,福建,五一广场/IFS国金中心,4.6,328,0.0,112.983169,28.196533,https://dimg04.c-ctrip.com/images/0100b12000hszwjrr4F5B.jpg,"品长沙特色小吃, 长沙市繁华的地段之一",,31658766
黄兴广场,厦门,福建,五一广场/IFS国金中心,4.7,67,0.0,112.982959,28.193851,https://dimg04.c-ctrip.com/images/0106412000eyg5mcb1ABC.jpg,有着三湘商业第一街的美誉,,31662333
谢子龙影像艺术馆,厦门,福建,洋湖公园/大王山度假区,4.1,325,0.0,112.953628,28.123848,https://dimg04.c-ctrip.com/images/100j1800000150fv8523F.jpg,珍藏中国早期历史影像,,56809871
万家丽世界文化大观园,厦门,福建,万家丽/扬帆夜市,4.6,80,0.0,113.037679,28.197392,https://dimg04.c-ctrip.com/images/0100s12000m42toldD697.jpg,观文化展馆，赏空中园林,,33787270
古开福寺,厦门,福建,湖南博物馆/北辰三角洲,4.3,228,0.0,112.985086,28.230302,https://dimg04.c-ctrip.com/images/0100q12000lywoj131037.jpg,数数罗汉转观音像,,77609
湖南省植物园,厦门,福建,德思勤广场/省政府,4.7,2849,0.0,113.038644,28.109899,https://dimg04.c-ctrip.com/images/0103c12000fa936lhB564.jpg,林木茂盛鲜花满园赏景休闲,4A,10556728
炭河古城,厦门,福建,距市中心84.9km,4.7,4021,60.0,112.122343,28.158079,https://dimg04.c-ctrip.com/images/100m1h000001hvhdk672C.jpg,遗址改建的周文化主题公园,,33779195
长沙 · 蒲熠星《银河系旅行攻略》巡回演唱会,厦门,福建,芒果馆/世界之窗,0.0,0,0.0,113.05598,28.240739,https://dimg04.c-ctrip.com/images/0100y12000cf2qbb4F13D.png,,,153444763
湖南博物院-马王堆展厅,厦门,福建,湖南博物馆/北辰三角洲,4.5,47,0.0,113.000628,28.217683,https://dimg04.c-ctrip.com/images/0100q12000f6t9lcgA480.jpg,历史遗迹，湘博人精心打造的艺术殿堂,,31662321
爱晚亭,厦门,福建,岳麓山/梅溪湖公园,4.7,1427,0.0,112.943996,28.186638,https://dimg04.c-ctrip.com/images/0103z1200087drakz857D.jpg,名诗词句中的赏枫胜地,,77596
长沙湘江冰雪世界,厦门,福建,洋湖公园/大王山度假区,4.6,1489,228.0,112.92321,28.093801,https://dimg04.c-ctrip.com/images/0103t1200014hgi359ED9.jpg,悬浮于半空中的浪漫雪国,,83859167
辛追遗体,厦门,福建,湖南博物馆/北辰三角洲,4.4,42,0.0,113.000335,28.217679,https://dimg04.c-ctrip.com/images/0101412000msvjg1q8BCB.jpg,,,50611002
星城之眼摩天轮,厦门,福建,五一广场/IFS国金中心,4.3,660,70.0,112.992352,28.18459,https://dimg04.c-ctrip.com/images/0106112000f6ppqm6237D.jpg,俯瞰整个长沙城,,27302592
湘江游轮(岳麓山码头),厦门,福建,岳麓山/梅溪湖公园,4.3,52,0.0,112.963123,28.198582,https://dimg04.c-ctrip.com/images/1lo4b12000aty68b0B8A3.jpg,,,136468737
橘子洲江天暮雪实景剧场,厦门,福建,距市中心1.8km,4.7,23,119.0,112.969601,28.204635,https://dimg04.c-ctrip.com/images/1lo6612000h16qait21A1.jpg,仿宋市井全景还原,,148650982
湘江游轮(三馆一厅码头),厦门,福建,湖南博物馆/北辰三角洲,4.4,86,0.0,112.987831,28.248849,https://dimg04.c-ctrip.com/images/1lo3312000ky61n8aAF09.jpg,,,90499715
白沙广场,厦门,福建,五一广场/IFS国金中心,4.8,7,0.0,112.991794,28.183116,https://dimg04.c-ctrip.com/images/0106q12000f6ncdys1279.jpg,青铜组雕诠释生态理念,,31662343
隆平水稻博物馆,厦门,福建,万家丽/扬帆夜市,4.9,65,0.0,113.066361,28.195852,https://dimg04.c-ctrip.com/images/01039120009heenai7732.jpg,,,52069585
扬帆夜市,厦门,福建,万家丽/扬帆夜市,4.5,11,0.0,113.045054,28.196355,https://dimg04.c-ctrip.com/images/0100t12000mi19c6t822E.png,夜市布局呈十字形分布,,112647123
长沙动趣王国,厦门,福建,距市中心12.4km,4.1,274,99.9,113.046682,28.295532,https://dimg04.c-ctrip.com/images/0105j12000a0wfa4u90CD.jpg,袋鼠互动寓教于乐,,134009255
周洛大峡谷,厦门,福建,距市中心73.1km,4.5,560,49.9,113.683114,28.430828,https://dimg04.c-ctrip.com/images/0106r12000f6q5bjl7ACF.jpg,观赏珍贵的珍稀植物,4A,10556840
大围山国家森林公园,厦门,福建,距市中心>100km,4.4,673,58.0,114.123073,28.424377,https://dimg04.c-ctrip.com/images/1lo5w12000qu7lt4n1D96.jpg,天然氧吧洗肺好地,4A,87293
洋湖湿地公园,厦门,福建,洋湖公园/大王山度假区,4.7,192,0.0,112.933981,28.131526,https://dimg04.c-ctrip.com/images/0101412000j6he2l5D9A2.jpg,长沙的城市绿肺,4A,13526155
长沙 · 五一广场步行街【大笑喜剧】脱口秀｜周一至周日｜综艺卡司｜吐槽爆笑大会｜开心互动｜即兴之夜精品秀＞,厦门,福建,五一广场/IFS国金中心,0.0,0,0.0,112.98155,28.196748,https://dimg04.c-ctrip.com/images/0102w12000oadvdp095A5.png,,,153143332
2025-2026中国羽毛球俱乐部超级联赛总决赛,厦门,福建,岳麓山/梅溪湖公园,0.0,0,0.0,112.945174,28.16677,https://dimg04.c-ctrip.com/images/0100p12000pvx0ub97A79.jpg,,,153423767
长沙 · 孟里花落知多少 孟庭苇35周年巡回演唱会-长沙站,厦门,福建,长沙高铁吾悦广场/国际会展中心,0.0,0,398.0,113.089059,28.148641,https://dimg04.c-ctrip.com/images/0104q12000q8q8x841278.jpg,,,153452422
浏阳周末焰火秀,厦门,福建,距市中心67.8km,5.0,1,0.0,113.676046,28.164456,https://dimg04.c-ctrip.com/images/0101q12000cn793bg8313.jpg,,,143198225
琴岛演艺中心,厦门,福建,五一广场/IFS国金中心,4.4,332,160.0,112.984738,28.205671,https://dimg04.c-ctrip.com/images/10081f000001gqey31AD9.jpg,感受长沙文化的好去处,,13659494
红色剧院,厦门,福建,五一广场/IFS国金中心,5.0,4,0.0,112.984821,28.20562,https://dimg04.c-ctrip.com/images/0HJ1p12000g346kqdC7C4.jpg,花鼓戏、湘剧等剧种丰富,,31663085
疯狂的麦咭(长沙店),厦门,福建,五一广场/IFS国金中心,4.2,67,128.0,112.987406,28.183245,https://dimg04.c-ctrip.com/images/0101f120008sxmd180976.jpg,惊险刺激的密室闯关体验馆,,56706166
湖南烈士公园,厦门,福建,湖南博物馆/北辰三角洲,0.0,0,0.0,113.006317,28.214847,https://dimg04.c-ctrip.com/images/100v1f000001h19w55988.jpg,,,77598
长沙 · 2026跨年演唱会《最美好的相遇》,厦门,福建,渔人码头/长沙万象城,0.0,0,0.0,112.966944,28.230752,https://dimg04.c-ctrip.com/images/0104y12000ppyp37zA9F1.png,,,153397451
刘少奇故里,厦门,福建,距市中心37.0km,0.0,0,0.0,112.653199,28.041842,https://dimg04.c-ctrip.com/images/0103712000ijfdnkxEF05.jpg,,,79234
花明楼景区,厦门,福建,距市中心37.1km,0.0,0,0.0,112.65282,28.041313,https://dimg04.c-ctrip.com/images/0105t12000mqwwwnj4661.jpg,,5A,80049
长沙 · 张震岳《跟着感觉走》巡回演唱会,厦门,福建,芒果馆/世界之窗,0.0,0,0.0,113.05598,28.240739,https://dimg04.c-ctrip.com/images/0102b12000dg87cpb8FBD.jpg,,,153469660
石燕湖,厦门,福建,距市中心23.0km,4.7,4701,99.0,113.093588,28.014086,https://dimg04.c-ctrip.com/images/0106e12000607c7yqB3A7.jpg,人间瑶池湖南九寨,4A,10559150
长沙湘江水上乐园,厦门,福建,洋湖公园/大王山度假区,4.7,774,150.0,112.923953,28.092662,https://dimg04.c-ctrip.com/images/1lo4b12000bep44ha21B5.jpg,,,83859174
湘江观光巴士,厦门,福建,恰同学少年广场/南郊公园,4.5,13,0.0,112.973075,28.170221,https://dimg04.c-ctrip.com/images/1lo3912000ikvbwwg44A2.jpg,,,149995681
长沙 · 笑泪狂飙丨沉浸体验丨高分热剧《美丽人生》,厦门,福建,五一广场/IFS国金中心,0.0,0,0.0,112.981512,28.195093,https://dimg04.c-ctrip.com/images/0104l12000ntt4htz0863.png,,,152954836
长沙园林生态园,厦门,福建,距市中心13.0km,4.0,105,40.0,113.046494,28.302281,https://dimg04.c-ctrip.com/images/0101s12000m6085g56201.jpg,河畔原生态郊野公园赏秋,4A,31659196
橘子洲景区-观景台,厦门,福建,距市中心3.6km,4.3,10,0.0,112.966696,28.170821,https://dimg04.c-ctrip.com/images/0106v12000ism2t3h15A2.jpg,,,18462985
Zoolung Zoolung动物主题公园(海信广场店),厦门,福建,五一广场/IFS国金中心,5.0,2,0.0,112.977136,28.195388,https://dimg04.c-ctrip.com/images/0102212000ipu3d2588C0.jpg,,,130899912
长沙 · 沉浸式荒诞喜剧《超级喜剧骗》,厦门,福建,湖南博物馆/北辰三角洲,5.0,1,0.0,112.983694,28.240378,https://dimg04.c-ctrip.com/images/0100y12000gyw2f5e6F62.jpg,融合长沙方言与幽默桥段,,149613111
湖南省立第一师范大学旧址,厦门,福建,五一广场/IFS国金中心,4.6,113,0.0,112.979459,28.181564,https://dimg04.c-ctrip.com/images/0104w12000kmk92d85D02.jpg,毛主席的母校,,136010221
长沙 · 2025-2026跨年倒计时《爱情不停站》演唱会,厦门,福建,岳麓山/梅溪湖公园,0.0,0,0.0,112.911834,28.201956,https://dimg04.c-ctrip.com/images/0102p12000pkrb01b51A3.png,,,153353398
火宫殿牌楼,厦门,福建,五一广场/IFS国金中心,4.5,103,0.0,112.980343,28.195866,https://dimg04.c-ctrip.com/images/0101312000hpdxclpDDFE.jpg,山字型阁塔式楼顶,,31661439
大围山峡谷漂流,厦门,福建,距市中心>100km,4.4,298,178.0,114.036382,28.41004,https://dimg04.c-ctrip.com/images/350414000000x2ffo69D4.jpg,河道狭窄水流湍急刺激体验,,13202179
长沙简牍博物馆,厦门,福建,五一广场/IFS国金中心,4.4,236,0.0,112.98965,28.190545,https://dimg04.c-ctrip.com/images/0104k12000iv80ezyDF0D.jpg,观赏古老的汉代简牍,,83435
【长沙】松果脱口秀,厦门,福建,五一广场/IFS国金中心,5.0,1,0.0,112.982008,28.195486,https://dimg04.c-ctrip.com/images/1lo4i12000ivztfbd6457.jpg,演员与观众即兴互动频繁,,148497091
长沙 · 老狼《纯真年代》巡回演唱会,厦门,福建,岳麓山/梅溪湖公园,0.0,0,0.0,112.913264,28.202403,https://dimg04.c-ctrip.com/images/0107212000pditcby6F50.png,,,153267198
岳麓山索道,厦门,福建,岳麓山/梅溪湖公园,4.1,11,0.0,112.949002,28.197073,https://dimg04.c-ctrip.com/images/0103a12000ikwam6u3708.jpg,乘索道可一览橘子洲全貌,,69415109
长沙 · 《开关SWITCH》鬼混剧场,厦门,福建,五一广场/IFS国金中心,0.0,0,0.0,112.982134,28.195827,https://dimg04.c-ctrip.com/images/0104w12000iwmqi3b1E83.png,声光电营造惊悚实景体验,,150017212
贺龙体育场,厦门,福建,五一广场/IFS国金中心,4.7,74,0.0,112.989362,28.183795,https://dimg04.c-ctrip.com/images/0100l12000f6t8xgo30A4.jpg,,,24650230
长沙之眼,厦门,福建,岳麓山/梅溪湖公园,4.2,58,0.0,112.943241,28.193324,https://dimg04.c-ctrip.com/images/1lo0y12000ng7zb3jBBF1.jpg,,,31662308
湖南省地质博物馆,厦门,福建,德思勤广场/省政府,4.7,97,0.0,112.988837,28.113126,https://dimg04.c-ctrip.com/images/0103l12000ijiilk9A2BE.jpg,学习地球科学知识的好去处,,18471378
浏阳·烟花嘉年华,厦门,福建,距市中心34.5km,5.0,1,198.0,113.277164,28.024686,https://dimg04.c-ctrip.com/images/0104w12000atdgk2x0C49.jpg,,,136464035
清水塘毛泽东杨开慧故居,厦门,福建,五一广场/IFS国金中心,0.0,0,0.0,112.996038,28.205472,https://dimg04.c-ctrip.com/images/0100v12000nhkntvf2A74.jpg,,,31660034
橘子洲大桥,厦门,福建,五一广场/IFS国金中心,4.4,182,0.0,112.976212,28.201268,https://dimg04.c-ctrip.com/images/0101g12000pnn17ui3B37.jpg,通向橘子洲欣赏湘江美景,,24822040
灰汤温泉职工疗养院,厦门,福建,距市中心66.1km,4.5,23,94.0,112.354302,27.994842,https://dimg04.c-ctrip.com/images/100t1f000001gqb5948DB.jpg,,,39061226
恰同学少年广场,厦门,福建,恰同学少年广场/南郊公园,5.0,4,0.0,112.971778,28.16962,https://dimg04.c-ctrip.com/images/0100y12000j78dlqa08D2.jpg,,,144906723
浏阳烟花秀,厦门,福建,长沙,0.0,0,0.0,113.675603,28.164628,https://dimg04.c-ctrip.com/images/0100512000m9c04yoD62C.jpg,,,152921432
上沙酒吧一条街,厦门,福建,五一广场/IFS国金中心,5.0,2,0.0,112.985149,28.196844,https://dimg04.c-ctrip.com/images/0101412000c5ej2h3A548.jpg,,,136210901
长沙 · 爆笑悬疑惊悚喜剧《杀死马克吐温》 驻演版,厦门,福建,五一广场/IFS国金中心,0.0,0,0.0,112.982442,28.198444,https://dimg04.c-ctrip.com/images/0104g12000lr7ipj2B4ED.jpg,,,151788979
乐水魔方水世界,厦门,福建,距市中心13.0km,4.2,366,168.0,113.047791,28.302055,https://dimg04.c-ctrip.com/images/0100m120005y7lsc8DC0B.jpg,刺激滑道温馨戏水区,,34264442
炭河千古情大剧院,厦门,福建,距市中心84.8km,5.0,9,0.0,112.123129,28.157467,https://dimg04.c-ctrip.com/images/0103a12000b19ug0k96D1.jpg,,,69450573
杜甫长沙泊舟登岸图,厦门,福建,五一广场/IFS国金中心,4.0,1,0.0,112.975049,28.191116,https://dimg04.c-ctrip.com/images/0103y12000hoj8df7C6D8.png,,,148648914
毛泽东青年艺术雕塑,厦门,福建,距市中心3.3km,0.0,0,0.0,112.966916,28.173455,https://dimg04.c-ctrip.com/images/1003170000013bjzv9F40.jpg,,,31670312
梅溪湖艺术博物馆,厦门,福建,岳麓山/梅溪湖公园,3.8,10,128.0,112.912762,28.202796,https://dimg04.c-ctrip.com/images/1lo0u12000m64tsaoE314.jpg,,,149273478
长沙 · step.jad依加2025《Nightstep夜奔！》巡演,厦门,福建,渔人码头/长沙万象城,0.0,0,0.0,112.966944,28.230752,https://dimg04.c-ctrip.com/images/0101912000pjtp249E996.jpg,,,153351773
古麓山寺,厦门,福建,岳麓山/梅溪湖公园,4.6,152,0.0,112.940729,28.186654,https://dimg04.c-ctrip.com/images/0104q120008jrpyrm1850.jpg,岳麓山深处古老幽静寺庙,,77608
长沙国际会展中心,厦门,福建,长沙高铁吾悦广场/国际会展中心,4.8,8,0.0,113.087081,28.149095,https://dimg04.c-ctrip.com/images/01055120008jrl5x335AD.jpg,,,31797631
梵高星空艺术馆（长沙旗舰店）,厦门,福建,五一广场/IFS国金中心,5.0,34,39.9,112.983575,28.200072,https://dimg04.c-ctrip.com/images/1lo5e12000n50d2ay6BB9.jpg,,,152914651
特色美食七街,厦门,福建,万家丽/扬帆夜市,4.3,6,0.0,113.031646,28.189248,https://dimg04.c-ctrip.com/images/0101012000o6fmq502A00.png,,,90498832
澳门新濠天地《水舞间》,昆明,云南,距市中心4.9km,4.8,4746,638.0,113.579475,22.152508,https://dimg04.c-ctrip.com/images/1lo4212000q5q4cpaF255.jpg,水陆瞬切舞台奇观,,10558311
新濠天地,昆明,云南,距市中心4.8km,4.8,668,0.0,113.577836,22.152157,https://dimg04.c-ctrip.com/images/1lo2312000bbuepuv7844.jpg,打造水上汇演等视听盛宴,,94488
澳门旅游塔,昆明,云南,距市中心995m,4.6,10362,128.0,113.548419,22.183291,https://dimg04.c-ctrip.com/images/100g0y000000m5y22D503.jpg,体验蹦极欣赏澳门全景,,97655
中国澳门 · 张杰2026 《未·你好吗》跨年演唱会,昆明,云南,距市中心4.5km,0.0,0,0.0,113.570827,22.152444,https://dimg04.c-ctrip.com/images/0100y12000cf2qbb4F13D.png,,,153448441
影汇之星8字形摩天轮,昆明,云南,距市中心5.5km,4.6,3261,75.0,113.573101,22.143183,https://dimg04.c-ctrip.com/images/01057120008ct9mjt8754.jpg,澳门景致尽收眼底,,31044673
澳门新濠影汇度假区,昆明,云南,距市中心5.5km,4.6,2635,0.0,113.573389,22.143853,https://dimg04.c-ctrip.com/images/0100o12000apk3q0417A5.jpg,电影主题度假村,,23058059
新濠影汇水上乐园,昆明,云南,距市中心5.3km,4.7,2487,288.0,113.570086,22.144467,https://dimg04.c-ctrip.com/images/1lo5912000aun0b5zBD72.png,"畅玩四个主题游乐区, 玩转巨型水泡滑梯",,120050752
澳门teamLab超自然空间,昆明,云南,距市中心5.0km,4.6,1747,189.0,113.570311,22.147012,https://dimg04.c-ctrip.com/images/350r1a0000019qni70599.jpg,"身体沉浸式互动体验, 全新常设互动体验",,78724129
澳门威尼斯人度假区,昆明,云南,距市中心4.8km,4.7,6399,0.0,113.571447,22.149845,https://dimg04.c-ctrip.com/images/100r12000000ryju5E1F1.png,置身昔日威尼斯的街道,,84889
澳门大赛车博物馆,昆明,云南,距市中心1.3km,4.7,616,49.3,113.56452,22.197846,https://dimg04.c-ctrip.com/images/01A46120008o6ghfx169E.jpg,格兰披治大赛车相关博物馆,,84722
澳门开篷观光巴士,昆明,云南,距市中心2.0km,4.4,272,164.0,113.570724,22.199965,https://dimg04.c-ctrip.com/images/0103a12000bxv978h8E94.jpg,澳门美丽旅游观光巴士,,18535222
澳门科学馆,昆明,云南,距市中心1.4km,4.7,1196,29.0,113.568441,22.188906,https://dimg04.c-ctrip.com/images/1lo6r12000b2slbfaD5D8.jpg,贝聿铭设计的科学馆,,10520728
中国澳门 · 2025-26 TREASURE TOUR [PULSE ON] IN MACAO,昆明,云南,距市中心4.5km,5.0,1,0.0,113.570827,22.152444,https://dimg04.c-ctrip.com/images/0104312000purx6kb2FDB.jpg,,,153243655
大三巴牌坊,昆明,云南,距市中心1.2km,4.6,8106,0.0,113.552462,22.200599,https://dimg04.c-ctrip.com/images/10020p000000g78ewD14B.jpg,澳门标志性建筑,,76060
贡多拉船体验之旅（澳门威尼斯人）,昆明,云南,距市中心4.8km,4.6,844,135.0,113.573386,22.149851,https://dimg04.c-ctrip.com/images/100r1f000001gon0o78AC.jpg,恍如置身于水都威尼斯,,33524155
中国澳门 · TWS 2025《24/7:WITH:US》巡回演唱会,昆明,云南,距市中心5.4km,0.0,0,0.0,113.571545,22.143895,https://dimg04.c-ctrip.com/images/0101512000cf2q22066E1.png,,,153417729
中国澳门 · 王鹤棣2026《D.Party》演唱会,昆明,云南,距市中心5.1km,0.0,0,0.0,113.567884,22.146063,https://dimg04.c-ctrip.com/images/0101812000cf2q7bqAAFC.png,,,153445075
中国澳门 ·  IVE 2026《SHOW WHAT I AM》世界巡演,昆明,云南,距市中心4.5km,0.0,0,0.0,113.570827,22.152444,https://dimg04.c-ctrip.com/images/0101s12000d4voy5o883B.jpg,,,153462153
澳门巴黎人度假区,昆明,云南,距市中心5.2km,4.6,275,0.0,113.57357,22.146446,https://dimg04.c-ctrip.com/images/100m1f000001gzn0g9534.jpg,逛精品购物店品尝环球美食,,56814166
澳门伦敦人度假区,昆明,云南,距市中心5.1km,4.7,216,0.0,113.577504,22.149485,https://dimg04.c-ctrip.com/images/0105d1200090symaq634B.jpg,感受真正的伦敦体验,,107330861
中国澳门 · 汪苏泷 2026「罗曼前传」世界巡回演唱会 – 澳门站,昆明,云南,距市中心5.1km,0.0,0,0.0,113.567937,22.145972,https://dimg04.c-ctrip.com/images/0102r12000qlcfhnr8C06.jpg,,,153473915
澳门巴黎铁塔（澳门巴黎人）,昆明,云南,距市中心5.2km,4.7,971,77.0,113.57357,22.146446,https://dimg04.c-ctrip.com/images/1lo4e12000b2kaexm42DD.png,体验巴黎风格的浪漫风情,,30464880
澳门金沙度假区,昆明,云南,距市中心1.3km,4.5,51,0.0,113.566472,22.194504,https://dimg04.c-ctrip.com/images/0100v120008npl1me9B1E.jpg,汇集威尼斯人等知名度假区,,58190117
中国澳门 · “追”张靓颖巡回演唱会-中国澳门站,昆明,云南,距市中心4.5km,0.0,0,365.0,113.570827,22.152444,https://dimg04.c-ctrip.com/images/0102b12000pwbbte37375.jpg,,,153424090
中国澳门 · 澳门2049,昆明,云南,距市中心5.3km,4.6,138,217.0,113.579895,22.148469,https://dimg04.c-ctrip.com/images/1lo1u12000jnz2lsfDDCE.jpg,剧院结构可动态变形,,149581032
永利皇宫观光缆车,昆明,云南,距市中心5.1km,4.7,341,0.0,113.581066,22.150793,https://dimg04.c-ctrip.com/images/0101k12000f6npcqt13C2.jpg,俯瞰城市全貌观赏路氹城,,31082382
官也街,昆明,云南,距市中心4.0km,4.5,2794,0.0,113.568598,22.156388,https://dimg04.c-ctrip.com/images/1A091c000001dbir2B9A9.jpg,美食购物两不误的手信街,,94434
中国澳门 · 音乐缘计划2年度盛典,昆明,云南,距市中心4.4km,0.0,0,0.0,113.565289,22.151954,https://dimg04.c-ctrip.com/images/0101x12000d4udmdx765F.jpg,,,153471186
妈阁庙,昆明,云南,距市中心1.2km,4.7,787,0.0,113.542862,22.189487,https://dimg04.c-ctrip.com/images/0107112000f6o3a6a1541.jpg,古老庙宇香火旺盛,,76047
永利皇宫度假区,昆明,云南,距市中心5.3km,4.8,63,0.0,113.582807,22.150254,https://dimg04.c-ctrip.com/images/1A0w180000014pmer6A3C.jpg,缆车环湖展对称美学,,69412976
澳门citywalk,昆明,云南,中国,0.0,0,0.0,113.54958,22.193,https://dimg04.c-ctrip.com/images/100h0p000000g1iq69383.jpg,,,151074793
2025澳门格兰披治大赛车,昆明,云南,距市中心2.1km,4.7,308,0.0,113.570567,22.201345,https://dimg04.c-ctrip.com/images/0105u12000oxeicx9F03E.jpg,澳门车坛盛事,,142213680
澳门旅游塔笨猪跳(蹦极跳),昆明,云南,距市中心1.0km,4.8,475,3304.0,113.548446,22.182976,https://dimg04.c-ctrip.com/images/1lo2k12000b77nyllEBB4.jpg,从233米的高空一跃而下,,18091086
中国澳门 · 陈小春 生·旦·净·末·丑 2025-2026 巡回演唱会 - 澳门站,昆明,云南,距市中心5.1km,0.0,0,480.0,113.567937,22.145972,https://dimg04.c-ctrip.com/images/0100212000pi4smkf6C60.jpg,,,153202796
澳门蹦极,昆明,云南,中国,0.0,0,0.0,113.548446,22.182976,https://dimg04.c-ctrip.com/images/100v1f000001h1dtd94A6.jpg,,,149905180
童梦天地,昆明,云南,距市中心4.9km,4.9,587,0.0,113.57905,22.151458,https://dimg04.c-ctrip.com/images/0102u12000956yoolC750.png,新一代玩乐大本营,,22847438
满纷乐园,昆明,云南,距市中心5.5km,4.5,508,78.0,113.573389,22.143853,https://dimg04.c-ctrip.com/images/0102j120009wgaxqvD119.jpg,猴子绳堡含十余项障碍挑战,,134051128
《丝路》珍品展,昆明,云南,距市中心490m,0.0,0,0.0,113.559394,22.189371,https://dimg04.c-ctrip.com/images/0101312000ohtd1as8C28.jpg,,,153157962
中国澳门 · 「澳门银河」荣誉呈献：欧阳「万」事「成」意 贺年Show,昆明,云南,距市中心5.1km,0.0,0,430.0,113.567937,22.145972,https://dimg04.c-ctrip.com/images/0103j12000qqerr4l1CF0.jpg,,,153430447
澳门氹仔客运码头,昆明,云南,距市中心4.2km,4.5,32,0.0,113.588276,22.168787,https://dimg04.c-ctrip.com/images/1lo4x12000go4v6un7E7B.jpg,,,149573701
ZIPCITY澳门飞索,昆明,云南,距市中心5.8km,4.7,151,286.0,113.584496,22.145153,https://dimg04.c-ctrip.com/images/010621200097pvlheBA61.jpg,沉浸式城市飞索体验,,129282516
银河综艺馆,昆明,云南,距市中心5.1km,4.3,7,0.0,113.567937,22.145972,https://dimg04.c-ctrip.com/images/0105z12000mz9y1ijAF2B.png,经常举办明星演唱会,,139031154
GoAirborne室内跳伞,昆明,云南,距市中心6.0km,4.5,223,694.0,113.585286,22.143936,https://dimg04.c-ctrip.com/images/010411200094nxr8h4958.jpg,,,130377813
中国澳门 · RIIZE 2025《RIIZING LOUD》亚洲巡演,昆明,云南,距市中心4.3km,0.0,0,0.0,113.565314,22.152131,https://dimg04.c-ctrip.com/images/0105812000kftqo5kBEF8.jpg,,,151212298
天浪淘园,昆明,云南,距市中心4.6km,4.8,85,0.0,113.565889,22.150228,https://dimg04.c-ctrip.com/images/1me3212000n7ak24a2694.jpg,全球大型的空中激浪,,32914889
葡京人综合度假区,昆明,云南,距市中心5.9km,4.6,24,0.0,113.584514,22.144186,https://dimg04.c-ctrip.com/images/1lo1912000pi8jx7p4031.jpg,,,90916657
玫瑰圣母堂,昆明,云南,距市中心896m,4.6,811,0.0,113.551994,22.197744,https://dimg04.c-ctrip.com/images/100910000000ozloe3776.jpg,四百年历史巴洛克教堂,,76061
中国澳门 · NEXZ《ONE BEAT》特别演唱会,昆明,云南,距市中心5.2km,0.0,0,0.0,113.578129,22.148151,https://dimg04.c-ctrip.com/images/0107412000q5y4r87118C.jpg,,,153445314
路环,昆明,云南,距市中心7.1km,4.7,193,0.0,113.575549,22.128861,https://dimg04.c-ctrip.com/images/100j1f000001gptsb46C0.jpg,游览妈祖文化村,,10520729
保利美高梅博物馆,昆明,云南,距市中心478m,5.0,3,0.0,113.559272,22.189369,https://dimg04.c-ctrip.com/images/0105q12000lwliwot4EDF.jpg,,,149282161
大炮台,昆明,云南,距市中心1.1km,4.6,1780,0.0,113.553899,22.199903,https://dimg04.c-ctrip.com/images/1A051800000152xltF860.jpg,参观百年古炮俯瞰澳门美景,,76037
澳门博物馆,昆明,云南,距市中心1.1km,4.6,681,0.0,113.553756,22.200327,https://dimg04.c-ctrip.com/images/0101h12000f6r77e49719.jpg,了解澳门历史文化,,82223
澳门银河度假区,昆明,云南,距市中心4.4km,4.7,19,0.0,113.565948,22.151808,https://dimg04.c-ctrip.com/images/0104a12000mgj1alw985B.jpg,旗舰店云集奢品齐全,,136007809
中国澳门 · SUPER JUNIOR 2025-2026《Super Show 10》20周年巡演,昆明,云南,距市中心5.1km,0.0,0,0.0,113.567937,22.145972,https://dimg04.c-ctrip.com/images/0102712000nzen0k8B729.png,,,151705337
澳门寻味葡式美食,昆明,云南,中国,0.0,0,0.0,113.568598,22.156388,https://dimg04.c-ctrip.com/images/1lo5412000pea6npkBAF1.png,,,153202790
十月初五马路,昆明,云南,距市中心7.9km,4.5,136,0.0,113.562329,22.118836,https://dimg04.c-ctrip.com/images/0104i12000f23dl9927D2.jpg,澳门旧式街道缩影,,13364211
中国澳门 · 周传雄2026《念念不忘·再遇见》巡回演唱会,昆明,云南,距市中心4.5km,0.0,0,0.0,113.570827,22.152444,https://dimg04.c-ctrip.com/images/0103g12000d4uebn90E4A.jpg,,,153463053
氹仔岛,昆明,云南,距市中心3.7km,4.7,180,0.0,113.575521,22.162438,https://dimg04.c-ctrip.com/images/0106k12000ev0nqt1A447.jpg,凼仔岛到处是葡萄牙式建筑,,10521131
澳门上葡京综合度假区,昆明,云南,距市中心5.6km,4.6,73,0.0,113.584163,22.147227,https://dimg04.c-ctrip.com/images/0106g120008vu649kB02F.jpg,澳门的崭新地标,,130151034
澳门大学,昆明,云南,横琴口岸,4.6,137,0.0,113.552861,22.147417,https://dimg04.c-ctrip.com/images/0106x12000j7qqwbx2B6F.jpg,公立综合性大学,,10520736
澳门旅游塔空中漫步,昆明,云南,距市中心1.1km,4.8,78,599.0,113.553502,22.179989,https://dimg04.c-ctrip.com/images/0106i12000f6qdsd9890E.jpg,在233米的高空绕塔踱步,,33785584
中国澳门 · 金在中、郑妮可、SAY MY NAME、INTHE X<2025 iNKODE TO PLAY · Christmas Show>,昆明,云南,距市中心5.4km,0.0,0,0.0,113.571545,22.143895,https://dimg04.c-ctrip.com/images/0106n12000q6o4r6p7ECD.jpg,,,153405759
恋爱巷,昆明,云南,距市中心1.2km,4.4,174,0.0,113.552282,22.200514,https://dimg04.c-ctrip.com/images/100u0z000000mii7oE0BF.jpg,大三巴牌坊前文艺小街,,23865287
议事亭前地,昆明,云南,距市中心811m,4.6,855,0.0,113.551352,22.196698,https://dimg04.c-ctrip.com/images/0100c12000mpgd73aD4DD.jpg,葡式历史建筑环绕,,82844
澳门回归贺礼陈列馆,昆明,云南,距市中心1.2km,4.5,50,0.0,113.565709,22.192804,https://dimg04.c-ctrip.com/images/0105w12000idayiih75F6.jpg,回归纪念，澳门的历史见证,,13293716
黑沙海滩,昆明,云南,距市中心7.8km,4.6,488,0.0,113.582913,22.124461,https://dimg04.c-ctrip.com/images/0104612000f6quoq83635.jpg,赏黑沙享惬意海景,,76810
金莲花广场,昆明,云南,距市中心1.3km,4.5,328,0.0,113.564923,22.197273,https://dimg04.c-ctrip.com/images/0101s12000moqgqo1C184.jpg,澳门回归纪念景点,,81973
美高梅剧院,昆明,云南,距市中心5.1km,4.8,15,0.0,113.579026,22.150014,https://dimg04.c-ctrip.com/images/0100w1200097kcxnc4B27.jpg,4K屏带来沉浸体验,,131909821
疯堂斜巷,昆明,云南,距市中心1.2km,4.5,67,0.0,113.556003,22.200452,https://dimg04.c-ctrip.com/images/100a0z000000mr90zC644.jpg,葡式风格的街道,,20905959
中国澳门 · NCT WISH 2025《INTO THE WISH : Our WISH》世界巡演,昆明,云南,距市中心4.5km,0.0,0,0.0,113.570827,22.152444,https://dimg04.c-ctrip.com/images/0104912000mlkbqbsB691.png,和粉丝共同解锁专属回忆,,152768495
东望洋新街,昆明,云南,距市中心878m,4.0,22,0.0,113.55743,22.197441,https://dimg04.c-ctrip.com/images/0100g12000n5aimuk6D5D.jpg,老房子林立，感受澳门的历史氛围,,120422114
中国澳门 · THE SHINE BIG2 IN MACAO,昆明,云南,距市中心5.1km,0.0,0,0.0,113.577652,22.149531,https://dimg04.c-ctrip.com/images/0102w12000cf2qcey9434.png,,,153424111
吉祥树,昆明,云南,距市中心504m,4.6,88,0.0,113.558868,22.192296,https://dimg04.c-ctrip.com/images/0106i12000iix5jp564F6.jpg,酒店内的定时表演,,24601427
澳门SPA,昆明,云南,中国,0.0,0,0.0,113.571447,22.149845,https://dimg04.c-ctrip.com/images/1lo7312000byrk3akAEB4.jpg,,,149616079
中国澳门 · WENDY 2025《W:EALIVE》世界巡演,昆明,云南,距市中心4.8km,0.0,0,0.0,113.571309,22.149844,https://dimg04.c-ctrip.com/images/0105712000dx2u7ko72DF.jpg,,,153438663
澳门美狮美高梅度假区,昆明,云南,距市中心5.3km,4.0,1,0.0,113.579895,22.148469,https://dimg04.c-ctrip.com/images/0100612000ndqriax5482.jpg,美艺大厅藏数十张清朝御制毯,,149998838
澳门永利皇宫Illuminarium幻影空间,昆明,云南,距市中心5.3km,4.4,37,0.0,113.582807,22.150254,https://dimg04.c-ctrip.com/images/0104g12000f6t1wur6385.jpg,,,144841217
中国澳门 · 张震岳《跟着感觉走》巡回演唱会,昆明,云南,距市中心5.4km,0.0,0,0.0,113.571545,22.143895,https://dimg04.c-ctrip.com/images/0102b12000dg87cpb8FBD.jpg,,,153462983
传奇英雄科技城,昆明,云南,距市中心5.4km,4.2,184,203.0,113.573042,22.143965,https://dimg04.c-ctrip.com/images/01027120008lx9awoD95C.jpg,VR特色体验馆,,73514833
中国澳门 ·  林峯GO WITH THE FLOW世界巡回演唱会,昆明,云南,距市中心4.5km,0.0,0,0.0,113.570827,22.152444,https://dimg04.c-ctrip.com/images/0100y12000cf2qbb4F13D.png,,,153329162
中国澳门 · 林志炫 ONEtake2.0 我忘了我已老去 巡回演唱会 - 澳门站 「共聚澳⻔·新年炫定版」,昆明,云南,距市中心5.1km,0.0,0,611.0,113.577652,22.149531,https://dimg04.c-ctrip.com/images/0102w12000pkdqpu5471C.jpg,,,153337901
澳门美高梅天幕广场,昆明,云南,距市中心525m,4.8,113,0.0,113.559722,22.189228,https://dimg04.c-ctrip.com/images/0106f120008drzdbl751C.jpg,光、影、水世界,,24601470
中国澳门 · 滨崎步2025亚洲巡回演唱会-澳门站,昆明,云南,距市中心4.5km,0.0,0,0.0,113.570827,22.152444,https://dimg04.c-ctrip.com/images/0102r12000p1tvjz303CF.jpg,,,153235096
中国澳门 · ATEEZ 2026 《IN YOUR FANTASY》世界巡演,昆明,云南,距市中心4.5km,0.0,0,0.0,113.570827,22.152444,https://dimg04.c-ctrip.com/images/0102m12000cf2pt8q3A2C.png,,,153506044
东望洋炮台及灯塔,昆明,云南,距市中心1.3km,4.7,226,0.0,113.561273,22.19946,https://dimg04.c-ctrip.com/images/10021f000001gxei72AF1.jpg,塔顶可俯瞰半岛全景,,81970
中国澳门 · 2026田震「玩儿个痛快」巡回演唱会,昆明,云南,距市中心5.1km,0.0,0,0.0,113.567884,22.146063,https://dimg04.c-ctrip.com/images/0100s12000q942pd39C4C.jpg,,,153453391
中国澳门 · CNBLUE 2026《3LOGY》巡回演唱会,昆明,云南,距市中心5.1km,0.0,0,0.0,113.577652,22.149531,https://dimg04.c-ctrip.com/images/0104n12000d4utfq538EE.jpg,,,153499270
中国澳门 · 阿梨粤2025《风再起时2.0》巡回演唱会,昆明,云南,距市中心4.6km,0.0,0,0.0,113.563485,22.149686,https://dimg04.c-ctrip.com/images/0102m12000cf2pt8q3A2C.png,,,153460303
海事博物馆,昆明,云南,距市中心1.3km,4.8,235,0.0,113.542189,22.189286,https://dimg04.c-ctrip.com/images/0106b12000igtzzrrA793.jpg,介绍澳门的航海历史,,76038
澳门威尼斯人综艺馆,昆明,云南,距市中心4.7km,4.7,49,0.0,113.570531,22.150405,https://dimg04.c-ctrip.com/images/0100d12000p6nlwm25B74.png,演唱会专用馆,,28637849
澳门历史城区,昆明,云南,距市中心847m,4.6,423,0.0,113.551893,22.197246,https://dimg04.c-ctrip.com/images/10080z000000nn9a9A044.jpg,中西文化交融的历史城区,,82839
石排湾郊野公园,昆明,云南,距市中心7.0km,4.6,22,0.0,113.570737,22.128798,https://dimg04.c-ctrip.com/images/0102p12000imy51f51DCC.jpg,药用植物超数百种，凉茶料丰富,,56806433
中国澳门 · Westlife《A Gala Evening》演唱会,昆明,云南,距市中心5.1km,0.0,0,0.0,113.577652,22.149531,https://dimg04.c-ctrip.com/images/0103212000d4upy5u5B6C.jpg,,,153468099
关闸,昆明,云南,距市中心3.3km,4.4,196,0.0,113.560745,22.21891,https://dimg04.c-ctrip.com/images/0100h12000jzvg2m82CE7.jpg,古色古香有着百年历史的关闸门楼,,10559039
澳门艺术博物馆,昆明,云南,距市中心1.2km,4.6,124,0.0,113.566189,22.191594,https://dimg04.c-ctrip.com/images/0104l1200075y4fpj50FD.jpg,艺术及文物主题博物馆,,82224
澳门十六浦,昆明,云南,距市中心1.3km,4.4,36,0.0,113.54744,22.200201,https://dimg04.c-ctrip.com/images/0102p12000p87nzvb52FB.jpg,,,55277157
熊猫馆,昆明,云南,距市中心6.9km,4.5,53,0.0,113.570605,22.129471,https://dimg04.c-ctrip.com/images/0105y12000ipzgl3n5E72.jpg,熊猫主题的动物园,,24648576
龙环葡韵住宅式博物馆,昆明,云南,距市中心4.1km,4.6,445,0.0,113.571056,22.156539,https://dimg04.c-ctrip.com/images/0100v12000iqjk1icDAE6.jpg,薄荷绿的葡萄牙风情建筑,,76808
哪吒庙,昆明,云南,距市中心1.2km,4.4,206,0.0,113.552248,22.200871,https://dimg04.c-ctrip.com/images/0102212000ikrwcr92DCD.jpg,供奉着形态各异的哪吒神像,,81954
银河水幕钻石秀表演,昆明,云南,距市中心4.4km,4.3,6,0.0,113.565916,22.152038,https://dimg04.c-ctrip.com/images/0101612000aoz6od06D3C.jpg,巨钻旋转映衬水晶莲花,,136208513
香港迪士尼乐园,丽江,云南,香港迪士尼乐园度假区,4.7,80911,522.0,114.052902,22.315978,https://dimg04.c-ctrip.com/images/1lo0l12000pi6gbc16B85.jpg,置身奇妙的迪士尼世界,,10558849
山顶缆车,丽江,云南,中环,4.6,8741,73.0,114.170719,22.280733,https://dimg04.c-ctrip.com/images/1lo2x12000b1d2b348CEA.jpg,外观复古的港味交通方式,,92177
香港海洋公园,丽江,云南,南区,4.6,46134,403.0,114.187255,22.249584,https://dimg04.c-ctrip.com/images/1lo1r12000qowi5cwD65E.jpg,"多元化海陆动物展览, 惊险刺激的游乐设施",,10558616
太平山顶,丽江,云南,距市中心5.4km,4.6,18598,0.0,114.157053,22.27918,https://dimg04.c-ctrip.com/images/100f0z000000ncfisF674.jpg,远眺大屿山俯瞰香港全景,,76012
香港故宫文化博物馆,丽江,云南,西九龙,4.8,4629,63.0,114.166798,22.304785,https://dimg04.c-ctrip.com/images/1lo4312000axni7v15717.jpg,"游古今，历无界, 探索文化瑰宝",,134064807
昂坪360,丽江,云南,离岛,4.7,11099,142.0,113.912762,22.259369,https://dimg04.c-ctrip.com/images/0101312000f6t3hbr9D02.jpg,"饱览壮丽山海美景, 水晶车厢底玻璃全透明",,81947
香港摩天轮,丽江,云南,中环,4.6,3348,18.0,114.173246,22.288297,https://dimg04.c-ctrip.com/images/0105g12000f6t6qiq17E6.jpg,鸟瞰维港的优美景色,,18446632
维多利亚港,丽江,云南,距市中心3.3km,4.7,7139,0.0,114.183069,22.292728,https://dimg04.c-ctrip.com/images/10020y000000m5j4vCC02.jpg,世界三大夜景之一,,85219
中国香港 · BLACKPINK WORLD TOUR <DEADLINE> IN HONG KONG,丽江,云南,红磡/九龙城,4.5,2,0.0,114.20876,22.325243,https://dimg04.c-ctrip.com/images/0100212000o9e266d547E.jpg,互动灯光结合AR技术,,151574997
Big Bus香港观光巴士游,丽江,云南,中环,4.4,532,212.0,114.172628,22.289954,https://dimg04.c-ctrip.com/images/1lo3412000gwb4ks4E232.jpg,经典路线导览,,22847570
M+,丽江,云南,西九龙,4.7,1593,171.0,114.17102,22.303543,https://dimg04.c-ctrip.com/images/1lo4f12000qrh8zlt76A7.jpg,全球性视觉文化博物馆,,135990065
中国香港 · 周深2025「深深的」巡回演唱会-香港站·跨年纪念场,丽江,云南,红磡/九龙城,0.0,0,0.0,114.207729,22.327075,https://dimg04.c-ctrip.com/images/0102y12000pe7wqk70F13.jpg,,,153329509
兰桂坊,丽江,云南,中环,4.6,3057,0.0,114.16718,22.28409,https://dimg04.c-ctrip.com/images/100m1f000001gzo518BA1.jpg,香港夜生活胜地,,10758354
中环,丽江,云南,中环,4.7,5842,0.0,114.170325,22.283046,https://dimg04.c-ctrip.com/images/0104f12000862sp0h4CD8.jpg,香港政治与商业中心,,10524147
天星小轮,丽江,云南,尖沙咀,4.5,2576,153.0,114.179984,22.29691,https://dimg04.c-ctrip.com/images/fd/tg/g6/M0B/F1/03/CggYslcfBhWAQ_K4ABJwQC-4_cA735.jpg,欣赏维港美景,,92178
尖沙咀,丽江,云南,尖沙咀,4.7,7749,0.0,114.183685,22.301725,https://dimg04.c-ctrip.com/images/010621200087cdcm69311.jpg,维港岸边的购物天堂,,10524148
香港杜莎夫人蜡像馆,丽江,云南,距市中心5.7km,4.5,4605,212.0,114.161267,22.274414,https://dimg04.c-ctrip.com/images/1lo3z12000okn2jzyAAA9.jpg,赏众多国际名人的蜡像,,82116
香港乐高探索中心,丽江,云南,尖沙咀,4.3,747,167.0,114.184466,22.297206,https://dimg04.c-ctrip.com/images/1lo6n12000m2sg2qp39A2.png,"亲子室內游乐场, LEGO版香港著名景点",,108733450
大屿山,丽江,云南,离岛,4.7,3227,0.0,113.953172,22.269193,https://dimg04.c-ctrip.com/images/010681200087c7n6pA2FC.jpg,购物休闲登山亲水梦幻乐园,,87802
香港港澳码头,丽江,云南,西环/上环,4.6,669,0.0,114.164341,22.292724,https://dimg04.c-ctrip.com/images/100t1f000001gqdf8F521.jpg,,,22847140
九龙,丽江,云南,旺角,4.6,81,0.0,114.191111,22.32147,https://dimg04.c-ctrip.com/images/0104o12000nygbha75327.jpg,观赏维多利亚港海景,,18521736
中国香港 · Dream Concert韩国梦想演唱会2026世界巡演•香港站,丽江,云南,红磡/九龙城,0.0,0,0.0,114.20871,22.32597,https://dimg04.c-ctrip.com/images/0102z12000qp784084636.jpg,,,153472979
香港citywalk,丽江,云南,旺角,0.0,0,0.0,114.18089,22.322231,https://dimg04.c-ctrip.com/images/0100212000jui714116E0.jpg,,,151074790
中国香港 · 2025-26 aespa LIVE TOUR - SYNK: aeXIS LINE - in HONG KONG,丽江,云南,香港国际机场,0.0,0,0.0,113.954714,22.324038,https://dimg04.c-ctrip.com/images/0104b12000o5ytgrk363A.jpg,,,153102722
天际100香港观景台,丽江,云南,西九龙,4.6,2666,115.0,114.171876,22.306472,https://dimg04.c-ctrip.com/images/1lo3312000f26nf5aFA0F.jpg,360度鸟瞰维港全景,,90778
香港电车叮叮车,丽江,云南,西环/上环,4.6,594,0.0,114.147819,22.290858,https://dimg04.c-ctrip.com/images/100c1f000001gsxii086E.jpg,双层有轨电车古老交通工具,,13467069
C罗博物馆 CR7®LIFE香港博物馆,丽江,云南,尖沙咀,4.4,123,173.0,114.185432,22.297064,https://dimg04.c-ctrip.com/images/0103l12000l9e3ey8A28F.png,,,149853484
星光大道,丽江,云南,尖沙咀,4.7,2529,0.0,114.185656,22.295911,https://dimg04.c-ctrip.com/images/100u12000000rm8qm4899.jpg,见证香港电影业发展史,,81942
香港太空馆,丽江,云南,尖沙咀,4.7,5450,0.0,114.183411,22.297203,https://dimg04.c-ctrip.com/images/100o1f000001gp2l14AC0.jpg,体验太空漫步与火箭发射,,76033
西九文化区,丽江,云南,西九龙,4.8,303,0.0,114.167428,22.303343,https://dimg04.c-ctrip.com/images/0101o120005vztmks56F4.jpg,文化艺术综合场所,,51834558
香港K11 MUSEA,丽江,云南,尖沙咀,4.6,205,0.0,114.185432,22.297064,https://dimg04.c-ctrip.com/images/350u1b000001av0kq1C14.jpg,"海边的灵感缪斯, 凝聚全球建筑设计文化力量",,79042624
中国香港 · TOMORROW X TOGETHER 2025《ACT: TOMORROW》世界巡回演唱会,丽江,云南,香港国际机场,0.0,0,0.0,113.954714,22.324038,https://dimg04.c-ctrip.com/images/0102j12000pcytv4q94CE.jpg,,,153266616
山顶凌霄阁摩天台428,丽江,云南,距市中心5.7km,4.5,153,60.0,114.161771,22.274426,https://dimg04.c-ctrip.com/images/fd/tg/g1/M06/FC/24/CghzflW7H_iATdynAAA-FlXAIeA738.jpg,,,137233841
啬色园黄大仙祠,丽江,云南,距市中心3.6km,4.7,2512,0.0,114.204724,22.345736,https://dimg04.c-ctrip.com/images/0105m12000f3yc0cr2EAE.jpg,香火旺盛的三教庙宇,,76019
上环,丽江,云南,西环/上环,4.6,467,0.0,114.160657,22.289616,https://dimg04.c-ctrip.com/images/0105h12000o039zr175EE.jpg,感受老香港情怀,,10524149
启德主场馆,丽江,云南,红磡/九龙城,4.3,8,0.0,114.208783,22.325233,https://dimg04.c-ctrip.com/images/0102412000m9fjhhtAA96.jpg,外墙珠光随光幻变,,149855052
凌霄阁,丽江,云南,距市中心5.7km,4.5,881,0.0,114.161493,22.274448,https://dimg04.c-ctrip.com/images/100l0d0000006u2j51952.jpg,摩天台饱览香港美景,,92181
中国香港 · SEVENTEEN《NEW_》世界巡演,丽江,云南,红磡/九龙城,0.0,0,0.0,114.208783,22.325233,https://dimg04.c-ctrip.com/images/0105f12000d4wauwf76F7.jpg,,,153502991
张保仔号游船观光,丽江,云南,尖沙咀,4.5,282,135.0,114.182162,22.296068,https://dimg04.c-ctrip.com/images/100h0e00000076svi9204.jpg,船标志，中国红桅杆,,83753
香港海洋公园水上乐园,丽江,云南,南区,4.7,1675,279.0,114.179602,22.238552,https://dimg04.c-ctrip.com/images/1lo3712000kl7l0zt5673.jpg,全年全天候临海水上乐园,,130257860
大富翁梦想世界,丽江,云南,距市中心5.8km,4.4,181,151.0,114.161237,22.273347,https://dimg04.c-ctrip.com/images/1lo0l12000bfcvifcE283.jpg,香港全新打卡地标,,71570444
中国香港 · ONE OK ROCK 2026《DETOX》亚洲巡演,丽江,云南,中环,0.0,0,0.0,114.174428,22.286355,https://dimg04.c-ctrip.com/images/0100y12000cf2qbb4F13D.png,,,153156096
中国香港 · 张学友60+巡回演唱会 香港 终章,丽江,云南,红磡/九龙城,0.0,0,0.0,114.193504,22.304181,https://dimg04.c-ctrip.com/images/0105g12000d4uiqk4776E.jpg,,,153246662
坚尼地城,丽江,云南,西环/上环,4.6,49,0.0,114.140765,22.285801,https://dimg04.c-ctrip.com/images/0100w12000f22kmhuD3DA.jpg,彩色楼房与无敌海景日落,,131211084
浅水湾,丽江,云南,距市中心9.8km,4.6,2159,0.0,114.206655,22.237569,https://dimg04.c-ctrip.com/images/0106p12000m56680l1414.jpg,美丽海滩惬意闲适,,76014
香港观光城巴,丽江,云南,中环,4.3,67,0.0,114.171845,22.289666,https://dimg04.c-ctrip.com/images/1lo0t12000gry5tu1B999.jpg,,,142989693
中国香港 · 2025-26 TREASURE TOUR [PULSE ON] IN HONG KONG,丽江,云南,香港国际机场,0.0,0,0.0,113.954714,22.324038,https://dimg04.c-ctrip.com/images/0104k12000q7qk0d1456F.jpg,,,153353932
怪兽大厦,丽江,云南,北角/鲗鱼涌,4.5,123,0.0,114.223574,22.287541,https://dimg04.c-ctrip.com/images/100n0z000000nwefy7D91.jpg,五座大厦组合为E形,,47996194
大澳,丽江,云南,离岛,4.7,759,0.0,113.877474,22.255638,https://dimg04.c-ctrip.com/images/0104m120009ddriyyAEF9.jpg,建于水上的高脚棚屋,,76016
东方之珠•维港游,丽江,云南,红磡/九龙城,4.3,85,106.0,114.200729,22.303379,https://dimg04.c-ctrip.com/images/0106v12000f6uielj3335.jpg,"香港全新豪华大型观光游船, 360度观赏维港美景",,134011238
中国香港 · 染色体家族跨年狂欢夜 2025,丽江,云南,西九龙,0.0,0,0.0,114.166727,22.305779,https://dimg04.c-ctrip.com/images/0105112000pyeokm5ED47.jpg,,,153433050
南丫岛,丽江,云南,离岛,4.7,2404,0.0,114.146532,22.203523,https://dimg04.c-ctrip.com/images/100n1f000001gpakxEA07.jpg,风景如画的悠闲离岛,,84620
香港马湾公园挪亚方舟,丽江,云南,荃湾,4.4,1039,98.0,114.073226,22.351256,https://dimg04.c-ctrip.com/images/0105812000f6qxkyiE172.jpg,寓教于娱的亲子主题公园,,13412628
中国香港 ·  i-dle 2026《Syncopation》世界巡演,丽江,云南,红磡/九龙城,0.0,0,0.0,114.20871,22.32597,https://dimg04.c-ctrip.com/images/0101w12000d4uqu160E4D.jpg,,,153453877
亚洲国际博览馆,丽江,云南,香港国际机场,4.4,64,0.0,113.954714,22.324038,https://dimg04.c-ctrip.com/images/0100k12000m9ahr7g8B47.jpg,,,18687212
天星码头,丽江,云南,中环,4.7,403,0.0,114.172797,22.290167,https://dimg04.c-ctrip.com/images/0106s12000m67rm5iBD0A.jpg,搭乘天星小轮览维港海上风光,,24653275
庙街夜市,丽江,云南,油麻地,4.4,373,0.0,114.1815,22.309442,https://dimg04.c-ctrip.com/images/0100212000m60zp9f0114.jpg,《食神》拍摄地,,20905878
洋紫荆维港游,丽江,云南,北角/鲗鱼涌,4.3,100,183.0,114.212141,22.297699,https://dimg04.c-ctrip.com/images/1lo4712000ksgk0uiF9CF.jpg,,,32785004
庙街,丽江,云南,油麻地,4.6,865,0.0,114.181741,22.31023,https://dimg04.c-ctrip.com/images/0103d120008jbqniyB438.jpg,市井气息浓的老香港风情街,,10524210
香港科学馆,丽江,云南,尖沙咀,4.6,632,0.0,114.189152,22.303912,https://dimg04.c-ctrip.com/images/10090z000000nky4b0D51.jpg,亲身体验科学的魅力,,76032
香港海洋公园登山缆车,丽江,云南,南区,4.7,70,403.0,114.183948,22.236451,https://dimg04.c-ctrip.com/images/0102y12000876zewn3B8B.jpg,,,61958157
《幻彩咏香江》灯光表演,丽江,云南,尖沙咀,4.3,456,0.0,114.181274,22.295963,https://dimg04.c-ctrip.com/images/100j1f000001gptl5E28F.jpg,绚丽多彩的城市声光秀,,81944
麦理浩径,丽江,云南,距市中心19.2km,4.8,174,0.0,114.360939,22.36636,https://dimg04.c-ctrip.com/images/0102h12000o26siel2F56.jpg,贯穿新界的远足径,,83342
《古埃及文明大展》埃及博物館珍藏展览,丽江,云南,西九龙,4.7,54,0.0,114.166798,22.304785,https://dimg04.c-ctrip.com/images/0104312000p6irged8149.png,,,153244908
2026年渣打香港马拉松,丽江,云南,尖沙咀,5.0,2,0.0,114.183627,22.30188,https://dimg04.c-ctrip.com/images/0103612000mhtjrdjDA67.jpg,,,151828294
中国香港 · King Gnu 2026《CEN+RAL》巡演,丽江,云南,香港国际机场,0.0,0,0.0,113.954714,22.324038,https://dimg04.c-ctrip.com/images/0105612000d53azww2D8D.jpg,,,153442003
天坛大佛,丽江,云南,离岛,4.7,297,0.0,113.916342,22.256975,https://dimg04.c-ctrip.com/images/0104912000f6qzz3aD926.jpg,全球第二大青铜坐佛,,23865321
旺角,丽江,云南,距市中心125m,4.8,51,0.0,114.181306,22.323289,https://dimg04.c-ctrip.com/images/0100612000juhvi5z6BBB.jpg,繁华购物区，特色街区多,,136007533
重庆大厦,丽江,云南,尖沙咀,4.1,572,0.0,114.1839,22.299215,https://dimg04.c-ctrip.com/images/0101k12000f0v8d0iE7A9.jpg,因《重庆森林》而出名,,10524261
铜锣湾,丽江,云南,湾仔/铜锣湾,4.6,28,0.0,114.202928,22.288973,https://dimg04.c-ctrip.com/images/0106l12000kqro7on9258.jpg,集购物、美食、夜生活于一体的商业街区,,136007775
香港艺术馆,丽江,云南,尖沙咀,4.6,385,0.0,114.183642,22.296519,https://dimg04.c-ctrip.com/images/01012120009rkl2cu347F.jpg,古今藏品种类繁多,,76031
中国香港 · 黎明LEON LAI《ROBBABA》红馆演唱会,丽江,云南,红磡/九龙城,0.0,0,0.0,114.193526,22.304578,https://dimg04.c-ctrip.com/images/0102m12000cf2pt8q3A2C.png,,,153454206
香港历史博物馆,丽江,云南,尖沙咀,4.6,455,0.0,114.18876,22.304786,https://dimg04.c-ctrip.com/images/0101h12000iukr07y994F.jpg,从渔村到都市的华丽转身,,76024
尖沙咀钟楼,丽江,云南,尖沙咀,4.6,397,0.0,114.181067,22.296491,https://dimg04.c-ctrip.com/images/100q0d0000006u2417D0F.jpg,文化中心广场地标建筑,,83321
启德体育园,丽江,云南,红磡/九龙城,4.9,7,0.0,114.207729,22.327075,https://dimg04.c-ctrip.com/images/0104j12000oh7uh8l51ED.jpg,南看台可赏维港全景,,138345060
金紫荆广场,丽江,云南,湾仔/铜锣湾,4.4,1024,0.0,114.185407,22.287335,https://dimg04.c-ctrip.com/images/100u0s000000hjgt3085E.jpg,三面环海尽览维港风光,,81945
迷离庄园,丽江,云南,香港迪士尼乐园度假区,4.7,222,0.0,114.052577,22.312984,https://dimg04.c-ctrip.com/images/100p1f000001gpehn01F9.jpg,畅玩迷离大宅,,24651687
友邦嘉年华,丽江,云南,中环,4.5,761,126.0,114.174423,22.286351,https://dimg04.c-ctrip.com/images/1lo6t12000cgejgpc5CD5.jpg,,,142976737
ComplexCon Hong Kong 2026,丽江,云南,香港国际机场,0.0,0,4190.0,113.954714,22.324038,https://dimg04.c-ctrip.com/images/0101r12000pw4f7fh1B47.jpg,,,153408713
中国香港 ·  GIN LEE 李幸倪 2026 《READY FOR》演唱会,丽江,云南,红磡/九龙城,0.0,0,0.0,114.193504,22.304181,https://dimg04.c-ctrip.com/images/0102m12000cf2pt8q3A2C.png,,,153460251
香港会议展览中心,丽江,云南,湾仔/铜锣湾,4.6,560,0.0,114.184647,22.286288,https://dimg04.c-ctrip.com/images/0106i12000o2fwrxs4D55.jpg,香港回归仪式举行地,,76011
油麻地,丽江,云南,油麻地,4.5,610,0.0,114.182959,22.309768,https://dimg04.c-ctrip.com/images/0104b12000f1m84f3680A.jpg,港式气息浓厚的本土化地区,,10524154
中国香港 · NCT WISH 2025《INTO THE WISH : Our WISH》世界巡演,丽江,云南,香港国际机场,0.0,0,0.0,113.954714,22.324038,https://dimg04.c-ctrip.com/images/0105c12000mljiqqrBBB9.png,,,152768486
大馆(前中区警署建筑群),丽江,云南,中环,4.6,197,0.0,114.165548,22.284302,https://dimg04.c-ctrip.com/images/100p0z000000mheq618FC.jpg,历史文物，香港中环的历史建筑群,,13608402
中环至半山自动扶手电梯,丽江,云南,中环,4.5,564,0.0,114.166493,22.286962,https://dimg04.c-ctrip.com/images/1A0g13000000vam38B57F.jpg,《重庆森林》取景地,,81943
深水埗,丽江,云南,太子/大角嘴,4.5,312,0.0,114.171836,22.331615,https://dimg04.c-ctrip.com/images/100f0z000000n6hyr1964.jpg,香港电子市场心脏地带,,20905879
天星维港游,丽江,云南,尖沙咀,3.7,7,0.0,114.179984,22.29691,https://dimg04.c-ctrip.com/images/0100v12000cvwtpqa19BC.jpg,,,144305548
"中国香港 · OneRepublic 2026《From Asia, With Love》巡演",丽江,云南,香港国际机场,0.0,0,0.0,113.954714,22.324038,https://dimg04.c-ctrip.com/images/0103s12000d4v25lmBC37.jpg,,,153239267
湾仔,丽江,云南,湾仔/铜锣湾,4.8,96,0.0,114.186655,22.278932,https://dimg04.c-ctrip.com/images/0102512000ikqlc3m84F7.jpg,,,136007515
香港渔人码头,丽江,云南,南区,4.6,137,0.0,114.163306,22.249154,https://dimg04.c-ctrip.com/images/1lo3l12000lbh3nh60C1C.png,,,142213596
DX设计馆,丽江,云南,太子/大角嘴,5.0,101,0.0,114.170031,22.331012,https://dimg04.c-ctrip.com/images/0106812000hnqv3emCF65.jpg,"香港设计新热点，创意无限展现, 设计控的必游之地, 集设计展览、时尚展示、交流活动为一体",,149592965
赤柱,丽江,云南,距市中心11.9km,4.8,768,0.0,114.224016,22.223765,https://dimg04.c-ctrip.com/images/0103r12000o2d2v1aF1DB.jpg,漫步海滩冲浪烧烤,,10524145
永安号游船,丽江,云南,中环,4.4,53,78.0,114.174087,22.289079,https://dimg04.c-ctrip.com/images/0106012000f6pw8uwBDFC.jpg,,,57155161
中环街市,丽江,云南,中环,4.7,61,0.0,114.167007,22.287175,https://dimg04.c-ctrip.com/images/0105r12000mi39slh3587.jpg,建筑融包浩斯与中式庭园设计,,133967682
东涌,丽江,云南,香港国际机场,4.6,602,0.0,113.954997,22.289774,https://dimg04.c-ctrip.com/images/0106i12000nep9qgh3544.jpg,环山临海惬意漫步,,80832
昂坪360缆车站,丽江,云南,香港国际机场,4.9,12,0.0,113.95007,22.292942,https://dimg04.c-ctrip.com/images/0104612000etlofxqF428.jpg,,,147194237
长洲岛,丽江,云南,离岛,4.7,785,0.0,114.038047,22.204857,https://dimg04.c-ctrip.com/images/100j0z000000nakuaBDDC.jpg,玩沙滩观日落吃海鲜大排档,,81948
魔雪奇缘世界,丽江,云南,香港迪士尼乐园度假区,4.7,16,0.0,114.050449,22.315446,https://dimg04.c-ctrip.com/images/1lo5r12000cdna7jl7729.jpg,全球首个冰雪奇缘主题园区,,141530353
北角,丽江,云南,北角/鲗鱼涌,4.6,241,0.0,114.204232,22.291478,https://dimg04.c-ctrip.com/images/0103112000imqiwy4434A.jpg,吃货必到，一路品尝美味,,22847102
中国香港 · 落日飞车《Q去Q来》巡回演出,丽江,云南,香港国际机场,0.0,0,0.0,113.954714,22.324038,https://dimg04.c-ctrip.com/images/0103e12000pobthti5E44.jpg,,,153357562
洪崖洞民俗风貌区,桂林,广西,解放碑/洪崖洞,4.6,8549,0.0,106.58542,29.568345,https://dimg04.c-ctrip.com/images/1A0o11000000qry18BAF9.jpg,依山错落而筑的美丽吊脚楼,4A,10558957
武隆天生三桥,桂林,广西,仙女山国家森林公园/仙女山街道,4.6,15420,125.0,107.810983,29.440589,https://dimg04.c-ctrip.com/images/0105q120004gsttsa454D.jpg,天坑之中的电影取景地,5A,82315
武隆喀斯特旅游区,桂林,广西,武隆区人民政府/武隆喀斯特旅游区,4.6,4520,50.0,107.790934,29.376906,https://dimg04.c-ctrip.com/images/100n0n000000e0e6kAFA0.jpg,窥探大自然的神奇,5A,92173
长江索道,桂林,广西,解放碑/洪崖洞,4.1,15471,30.0,106.589294,29.563936,https://dimg04.c-ctrip.com/images/0103s12000ajhcz2c4EE8.jpg,跨越长江俯瞰山城美妙市景,4A,91483
重庆动物园,桂林,广西,杨家坪/重庆动物园,4.7,12235,24.0,106.512722,29.509548,https://dimg04.c-ctrip.com/images/0103512000kpyqic16CE5.jpg,看看罕见的亚洲金猫和云豹,4A,78160
解放碑步行街,桂林,广西,解放碑/洪崖洞,4.7,5534,0.0,106.581786,29.563463,https://dimg04.c-ctrip.com/images/1A0a11000000qufky8650.jpg,潮人聚集的时尚热闹商业街,,10558680
重庆两江游,桂林,广西,解放碑/洪崖洞,4.4,11665,118.0,106.583009,29.5686,https://dimg04.c-ctrip.com/images/0100g1200086ns69oB566.jpg,坐船远望色彩炫目的夜景,,13228641
白帝城·瞿塘峡景区,桂林,广西,距市中心>100km,4.6,3354,57.0,109.602663,31.039429,https://dimg04.c-ctrip.com/images/1lo6612000b6ihmsr0BF3.jpg,刘备兵败托孤之处,5A,76355
磁器口古镇,桂林,广西,磁器口古镇,4.5,14395,0.0,106.456626,29.586879,https://dimg04.c-ctrip.com/images/0106z120008iqyn71AE84.jpg,知名历史文化古镇,4A,82093
仙女山国家森林公园,桂林,广西,仙女山国家森林公园/仙女山街道,4.5,6556,50.0,107.759708,29.508062,https://dimg04.c-ctrip.com/images/1lo0v12000qrid0yn433E.jpg,拥有草原风光的南国牧场,5A,78137
重庆湖广会馆,桂林,广西,解放碑/洪崖洞,4.5,4495,32.0,106.59334,29.563911,https://dimg04.c-ctrip.com/images/01046120008fmu5wt86CD.png,欣赏戏楼中的精美木雕,4A,82101
重庆云端之眼观景台,桂林,广西,解放碑/洪崖洞,4.7,3180,68.0,106.588641,29.563496,https://dimg04.c-ctrip.com/images/1lo3t12000fmwy22j5E54.jpg,,,102734194
大足石刻,桂林,广西,大足石刻度假区,4.6,7296,95.0,105.808314,29.75801,https://dimg04.c-ctrip.com/images/01030120008rxqtyiB006.jpg,重庆世界文化遗产,5A,78129
重庆大轰炸“六五”隧道惨案史实展馆,桂林,广西,解放碑/洪崖洞,4.7,1285,0.0,106.582228,29.560136,https://dimg04.c-ctrip.com/images/0100u120009det9oh643F.png,,,133855594
重庆欢乐谷,桂林,广西,礼嘉/欢乐谷,4.8,13024,120.0,106.524849,29.673384,https://dimg04.c-ctrip.com/images/1lo4i12000eytj1y0EFF7.jpg,嗨玩多种娱乐设施,4A,33834153
三峡博物馆,桂林,广西,上清寺/人民大礼堂/李子坝,4.6,1077,0.0,106.556883,29.568347,https://dimg04.c-ctrip.com/images/0105h12000h4c65gx5C31.jpg,了解山城历史和三峡风貌,4A,82328
巫山小三峡,桂林,广西,距市中心>100km,4.5,2345,120.0,109.912295,31.144403,https://dimg04.c-ctrip.com/images/0106i12000f6qjjyc3F2A.jpg,高山峡谷间观赏千年悬棺,5A,76356
三峡之巅景区,桂林,广西,距市中心>100km,4.7,1001,38.0,109.640026,31.040925,https://dimg04.c-ctrip.com/images/01058120008elazlt9837.jpg,,4A,89625646
816工程景区,桂林,广西,距市中心93.0km,4.7,2098,65.0,107.518854,29.559492,https://dimg04.c-ctrip.com/images/1lo4w12000k2a9iub3432.jpg,“三线建设”典型代表,4A,89771
《重庆·1949》演出,桂林,广西,磁器口古镇,4.7,2566,194.0,106.453483,29.587682,https://dimg04.c-ctrip.com/images/0106q120008yteaigDA9C.png,360度旋转沉浸式观演,,129377915
乌江画廊,桂林,广西,距市中心>100km,4.4,559,162.0,108.220054,29.197247,https://dimg04.c-ctrip.com/images/0102t12000eni3b88506D.jpg,欣赏西兰卡普和蜡染工艺,4A,83050
龙水峡地缝,桂林,广西,距市中心>100km,4.7,2735,85.0,107.798471,29.404704,https://dimg04.c-ctrip.com/images/10051f000001gstlsF9FD.jpg,感受地下穿行的乐趣,4A,10559407
渣滓洞,桂林,广西,磁器口古镇,4.5,1067,0.0,106.439956,29.591421,https://dimg04.c-ctrip.com/images/0102812000lxklujrCFE2.jpg,,,80446
丰都鬼城名山景区,桂林,广西,丰都鬼城,4.4,2836,88.0,107.731771,29.892042,https://dimg04.c-ctrip.com/images/0102b120007ursg8937FE.jpg,走一走传说中的阴曹地府,4A,92169
人民大礼堂,桂林,广西,上清寺/人民大礼堂/李子坝,4.5,1046,8.0,106.560159,29.567873,https://dimg04.c-ctrip.com/images/10060p000000fizwwCE4E.jpg,仿天坛式的重庆地标,4A,78177
重庆畅享地道火锅,桂林,广西,合川学院区,0.0,0,0.0,106.28294,29.9874,https://dimg04.c-ctrip.com/images/1lo3b12000oxqozr77084.png,,,153202787
两江小渡,桂林,广西,解放碑/洪崖洞,4.7,1117,15.0,106.582995,29.568622,https://dimg04.c-ctrip.com/images/1lo1b12000jvhuma8F93D.jpg,,,118732016
重庆十八梯传统风貌区,桂林,广西,解放碑/洪崖洞,4.5,78,0.0,106.579477,29.557265,https://dimg04.c-ctrip.com/images/0100x120008yvl9pdC364.jpg,,,130846449
李子坝轻轨站,桂林,广西,上清寺/人民大礼堂/李子坝,4.5,387,0.0,106.544316,29.55906,https://dimg04.c-ctrip.com/images/0100h12000lraq9y5C3FD.jpg,体验轻轨列车穿墙而过,,56570158
朝天门广场,桂林,广西,解放碑/洪崖洞,4.5,1399,0.0,106.594374,29.572838,https://dimg04.c-ctrip.com/images/100m1c000001dgugr82A1.jpg,重庆古老的码头,,78161
观音桥步行街,桂林,广西,观音桥/九街,4.6,620,0.0,106.539203,29.581392,https://dimg04.c-ctrip.com/images/0100h12000f6qx3pqD00A.jpg,购物与美食的天堂,4A,10559506
武陵山大裂谷,桂林,广西,距市中心99.1km,4.5,1281,105.0,107.57832,29.500335,https://dimg04.c-ctrip.com/images/1lo4x12000k31u9zpB88C.jpg,峡谷幽深，地缝曲折,5A,20365101
探索舱·云端乐园,桂林,广西,解放碑/洪崖洞,4.7,1974,120.0,106.593448,29.572142,https://dimg04.c-ctrip.com/images/0104m12000f6tiywn7EA2.jpg,高空乐园极限挑战,,78586000
蚩尤九黎城,桂林,广西,距市中心>100km,4.0,773,75.0,108.13494,29.323735,https://dimg04.c-ctrip.com/images/0103o12000f6u0mvdDD0C.jpg,欣赏苗族非物质文化遗产,4A,29904239
白鹤梁水下博物馆,桂林,广西,涪陵商业中心区,4.6,1041,50.0,107.398829,29.718473,https://dimg04.c-ctrip.com/images/0104d12000iirs1kpB53C.jpg,观赏水下千年古迹,4A,89785
山城步道,桂林,广西,解放碑/洪崖洞,4.6,516,0.0,106.573022,29.556854,https://dimg04.c-ctrip.com/images/0106k12000jv3efqbC6B5.jpg,高低起伏步道上看市井风貌,,10758915
白公馆,桂林,广西,磁器口古镇,4.6,833,0.0,106.439255,29.582616,https://dimg04.c-ctrip.com/images/0104p120009omzw82C627.jpg,小说《红岩》的原型地,,80447
山城巷历史文化风貌区,桂林,广西,解放碑/洪崖洞,4.6,37,0.0,106.575262,29.556406,https://dimg04.c-ctrip.com/images/0106c120008iqx81q797D.jpg,老城墙融汇百年建筑记忆,,65963918
2026 WTT冠军赛重庆站,桂林,广西,巴南万达/华熙鱼洞,0.0,0,0.0,106.514587,29.384363,https://dimg04.c-ctrip.com/images/0105r12000n5ebcpw1EDC.jpg,,,149611228
金佛山,桂林,广西,金佛山度假区,4.3,3505,150.0,107.206299,29.053144,https://dimg04.c-ctrip.com/images/1lo1q12000q0hi4nj8318.jpg,灿烂晚霞如同佛光万丈,5A,78143
朝天门号两江夜景游轮,桂林,广西,解放碑/洪崖洞,4.1,275,126.0,106.5963,29.572767,https://dimg04.c-ctrip.com/images/01017120008ouxfxv6A2B.jpg,,,69571118
巫峡·神女景区,桂林,广西,距市中心>100km,4.5,220,0.0,109.939223,31.057013,https://dimg04.c-ctrip.com/images/010271200094m96cy6F0C.jpg,,4A,130898810
重庆游船观光,桂林,广西,解放碑/洪崖洞,4.4,127,0.0,106.583009,29.5686,https://dimg04.c-ctrip.com/images/0100412000k24bi549EF8.jpg,,,149543777
重庆长江索道南站,桂林,广西,南滨路/弹子石,4.2,267,30.0,106.600243,29.558588,https://dimg04.c-ctrip.com/images/0105d120008270g13FC71.jpg,,,65183944
龙门浩老街,桂林,广西,南滨路/弹子石,4.5,94,0.0,106.601286,29.561893,https://dimg04.c-ctrip.com/images/0102b12000f6gc7hwE754.jpg,"重庆历史文化老街, 保存完好, 规模很大",,31662389
南山一棵树观景台,桂林,广西,南山度假区,4.3,1644,14.5,106.609338,29.55134,https://dimg04.c-ctrip.com/images/0101b120008hxlo5h9EC0.jpg,俯瞰山城夜景的胜地,,82324
李子坝单轨穿楼观景平台,桂林,广西,上清寺/人民大礼堂/李子坝,4.8,24,0.0,106.544399,29.559763,https://dimg04.c-ctrip.com/images/0103e12000enhvky38E6C.jpg,,,90499682
酉阳桃花源景区,桂林,广西,距市中心>100km,4.4,2025,85.0,108.755932,28.859689,https://dimg04.c-ctrip.com/images/1lo1y12000ogzk3y96390.jpg,陶渊明笔下的世外桃源,5A,78157
黑山谷风景区,桂林,广西,黑山谷/奥陶纪度假区,4.4,4569,55.0,107.004912,28.883444,https://dimg04.c-ctrip.com/images/0101t120008270n4eCAF0.jpg,市郊天然大氧吧,5A,78142
重庆三峡游船,桂林,广西,解放碑/洪崖洞,4.3,27,1199.0,106.594795,29.573343,https://dimg04.c-ctrip.com/images/0104y120009j4cjey725C.jpg,世纪、美维等游船系列众多,,134055792
乐和乐都动物主题乐园,桂林,广西,乐和乐都度假区,4.8,7719,230.0,105.914745,29.297006,https://dimg04.c-ctrip.com/images/1lo2e12000qul1wqk880B.png,游玩刺激的主题乐园,4A,10765188
重庆夜景游船,桂林,广西,解放碑/洪崖洞,4.5,438,58.0,106.582999,29.56859,https://dimg04.c-ctrip.com/images/1lo3i12000isbd0zd7BD2.png,,,98180287
重庆citywalk,桂林,广西,上清寺/人民大礼堂/李子坝,0.0,0,0.0,106.55799,29.569304,https://dimg04.c-ctrip.com/images/10020s000000hqkwh48D9.jpg,,,151074799
十八梯,桂林,广西,解放碑/洪崖洞,4.3,45,0.0,106.579218,29.557764,https://dimg04.c-ctrip.com/images/0104f12000jv5dj894824.jpg,石阶铺成的山城老街,,56805075
WFC会仙楼观景台,桂林,广西,解放碑/洪崖洞,4.6,1630,118.0,106.584363,29.565289,https://dimg04.c-ctrip.com/images/0106x12000f6qnatlAB5A.jpg,360度专属视角览山城,,33177820
万州大瀑布,桂林,广西,距市中心>100km,4.8,2990,95.0,108.263079,30.663438,https://dimg04.c-ctrip.com/images/010241200086t1g1v0301.jpg,看磅礴瀑布赏美丽彩虹,4A,91809
濯水古镇,桂林,广西,濯水古镇度假区,4.3,156,0.0,108.77874,29.304842,https://dimg04.c-ctrip.com/images/1lo2112000dvdcdxyD6E0.jpg,江边保存完整的渝东南古镇,5A,13695434
濯水景区,桂林,广西,濯水古镇度假区,4.5,28,90.0,108.778318,29.308663,https://dimg04.c-ctrip.com/images/1lo4l12000dvdby0b2D97.jpg,,5A,111709787
芙蓉洞,桂林,广西,距市中心>100km,4.6,1322,98.0,107.912436,29.236602,https://dimg04.c-ctrip.com/images/100d0z000000nwoewAF6D.jpg,世界遗产，以钟乳石闻名,5A,78136
重庆欢乐海底世界,桂林,广西,大坪/时代天街,4.4,1546,78.0,106.522547,29.556638,https://dimg04.c-ctrip.com/images/1lo0j12000dp0pfsg13EB.jpg,观赏海洋动物的好去处,,22672541
鹅岭公园,桂林,广西,上清寺/人民大礼堂/李子坝,4.7,345,0.0,106.543065,29.555566,https://dimg04.c-ctrip.com/images/100s1f000001gx75uF7E9.jpg,登高看两江风光夜景尤美,,78163
巫峡,桂林,广西,距市中心>100km,4.8,179,0.0,110.124942,31.037926,https://dimg04.c-ctrip.com/images/1A0l13000000vmybcB1B7.jpg,欣赏姿态万千的十二峰,,76358
南滨路,桂林,广西,南坪商业中心区,4.7,189,0.0,106.545202,29.523993,https://dimg04.c-ctrip.com/images/100o1f000001gp4ffE5DE.jpg,依山临江的重庆外滩,,94859
《印象武隆》实景演出,桂林,广西,仙女山国家森林公园/仙女山街道,4.4,1484,200.0,107.830915,29.462596,https://dimg04.c-ctrip.com/images/0102e12000asrs2zl6F59.jpg,名导演绎实景川江号子表演,,10759121
二厂文创公园,桂林,广西,上清寺/人民大礼堂/李子坝,4.3,173,0.0,106.546778,29.557321,https://dimg04.c-ctrip.com/images/0104m120008ir3fgaF495.jpg,《从你的全世界路过》取景地,,34303518
魁星楼,桂林,广西,解放碑/洪崖洞,4.4,19,0.0,106.58005,29.566439,https://dimg04.c-ctrip.com/images/0101q12000mi4lxo48B32.jpg,古人曾在此祈求科举中榜,,52125766
重庆建川博物馆聚落,桂林,广西,大坪/时代天街,4.7,553,45.0,106.528761,29.527222,https://dimg04.c-ctrip.com/images/0106212000h4g7me23C87.jpg,洞穴抗战博物馆聚落,4A,52528404
重庆建川海疆博物馆,桂林,广西,杨家坪/重庆动物园,4.5,995,45.0,106.535835,29.52135,https://dimg04.c-ctrip.com/images/1lo3312000et21pr404A5.jpg,近距离接触大国重器,,128621409
南山风景区,桂林,广西,南山度假区,4.6,383,0.0,106.623366,29.564547,https://dimg04.c-ctrip.com/images/0100t12000j16y73x6003.jpg,登山看灯火辉煌的山城,,78174
重庆 · 郭富城ICONIC世界巡回演唱会-重庆站,桂林,广西,巴南万达/华熙鱼洞,0.0,0,0.0,106.514587,29.384363,https://dimg04.c-ctrip.com/images/0100b12000pjzoapa9807.jpg,,,153266850
瞿塘峡,桂林,广西,距市中心>100km,4.6,260,0.0,109.602663,31.039429,https://dimg04.c-ctrip.com/images/0103l1200089n7glu3F91.jpg,乘船观赏两岸风光,,76357
云阳龙缸国家地质公园,桂林,广西,龙缸度假区,4.6,1701,95.0,109.017312,30.683128,https://dimg04.c-ctrip.com/images/1A0e190000018763g5DA1.jpg,走玻璃廊桥看天然巨大石缸,5A,10534468
原气喜剧爆笑脱口秀(观音桥茂业天地店),桂林,广西,观音桥/九街,4.9,34,128.0,106.537614,29.583238,https://dimg04.c-ctrip.com/images/1lo4m12000b1ajq4cC4DA.jpg,互动融合重庆方言文化,,133552494
重庆滑雪,桂林,广西,大学城/融创文旅城,5.0,1,0.0,106.366834,29.631254,https://dimg04.c-ctrip.com/images/1lo1r12000p9aeifx2CB5.jpg,,,149667375
下浩里,桂林,广西,南滨路/弹子石,4.9,53,0.0,106.602063,29.563557,https://dimg04.c-ctrip.com/images/0102j12000iudmobfA3B3.jpg,古朴原味的市井老街,,31678830
重庆长江三峡游船,桂林,广西,解放碑/洪崖洞,4.2,15,1199.0,106.594795,29.573343,https://dimg04.c-ctrip.com/images/0100w120008hxhxq935B6.jpg,两岸奇峰陡立、峭壁对峙,,69349738
重庆 · 云南白药气血康·潘玮柏“狂爱”2.0巡回演唱会-重庆站,桂林,广西,巴南万达/华熙鱼洞,0.0,0,480.0,106.514587,29.384363,https://dimg04.c-ctrip.com/images/0100s12000qmpsbqq5CFE.png,,,153434526
夜游两江,桂林,广西,解放碑/洪崖洞,4.5,114,118.0,106.595526,29.56803,https://dimg04.c-ctrip.com/images/0102r12000m7bh9f28612.jpg,,,69446838
重庆小渡,桂林,广西,万州万达广场,4.8,32,98.0,108.388012,30.805758,https://dimg04.c-ctrip.com/images/0106q12000lhv48u47CBB.jpg,,,145362934
乌江,桂林,广西,距市中心94.6km,4.8,12,0.0,107.525666,29.456555,https://dimg04.c-ctrip.com/images/0103b12000mwt584uE23E.jpg,急流险滩的峡谷江河,,39073461
重庆乌江龚滩旅游度假区,桂林,广西,距市中心>100km,4.3,634,0.0,108.358152,28.925779,https://dimg04.c-ctrip.com/images/010161200086v76v77BB1.jpg,在乌江边看看吊脚楼,4A,82086
金刀峡,桂林,广西,金刀峡度假区,4.5,1582,80.0,106.624567,30.028137,https://dimg04.c-ctrip.com/images/1lo1h12000gjt8n3u0230.jpg,户外爱好者的运动基地,4A,78148
四面山,桂林,广西,四面山度假区,4.5,1696,60.0,106.405424,28.621292,https://dimg04.c-ctrip.com/images/0100h120008er00ie7666.jpg,徒步原始森林戏水看云海,5A,78187
天福官驿,桂林,广西,仙女山国家森林公园/仙女山街道,4.6,226,0.0,107.803947,29.440359,https://dimg04.c-ctrip.com/images/0103212000nuvzwcn26F5.jpg,内部建有小邮局,,94890
北山石刻,桂林,广西,大足石刻度假区,4.6,288,39.0,105.716749,29.718378,https://dimg04.c-ctrip.com/images/0102512000mbilqjv5762.jpg,石刻长达500多米,,15055043
世纪江山如诗号,桂林,广西,奉节白帝城,4.9,46,1199.0,109.551371,31.048767,https://dimg04.c-ctrip.com/images/1lo1j12000f58nbr6AD7D.png,,,148856881
地心探险极地,桂林,广西,距市中心39.3km,4.7,177,158.0,106.901475,29.75818,https://dimg04.c-ctrip.com/images/1lo3l12000b3ynxez125D.jpg,溶洞内大型地下河终年不绝,,82317
千厮门大桥,桂林,广西,解放碑/洪崖洞,4.7,191,0.0,106.586056,29.56991,https://dimg04.c-ctrip.com/images/100k0p000000fkegjA075.jpg,桥上眺望美丽的城市夜景,,31672376
重庆 · 杨千嬅 《52Hz Echoes》生日限定音乐会,桂林,广西,国际博览中心/中央公园,0.0,0,0.0,106.549808,29.723837,https://dimg04.c-ctrip.com/images/0106712000bvkxjh8FEB9.png,,,153507410
乌江画廊（涪陵段）,桂林,广西,距市中心81.4km,5.0,1,0.0,107.397273,29.616736,https://dimg04.c-ctrip.com/images/0101y12000myajlt7FC39.jpg,,,140610757
重庆 · 谭晶“歌如少年”2026演唱会-重庆站,桂林,广西,巴南万达/华熙鱼洞,0.0,0,280.0,106.514587,29.384363,https://dimg04.c-ctrip.com/images/0100a12000puc5ist63DD.jpg,,,153408618
宝顶山景区,桂林,广西,大足石刻度假区,4.6,518,95.0,105.801389,29.75265,https://dimg04.c-ctrip.com/images/100f1f000001gqcbjE6EA.jpg,观赏精美的石刻造像,,15123941
融汇温泉城,桂林,广西,沙坪坝站/三峡广场,4.6,1828,159.0,106.446473,29.547458,https://dimg04.c-ctrip.com/images/0107312000f6q0n2v54A7.jpg,当地口碑很好的温泉城,4A,10759202
重庆盖碗茶文化体验,桂林,广西,解放碑/洪崖洞,0.0,0,0.0,106.585215,29.557206,https://dimg04.c-ctrip.com/images/1lo2612000cxxdqb3558D.jpg,,,153202781
长江三峡-世纪系列游船,桂林,广西,解放碑/洪崖洞,5.0,10,1199.0,106.579195,29.558852,https://dimg04.c-ctrip.com/images/0103k12000ogbiljnD1B3.png,提供落地窗景观餐厅,,112648519
罗汉寺,桂林,广西,解放碑/洪崖洞,4.6,521,0.0,106.588073,29.565842,https://dimg04.c-ctrip.com/images/0101k120008inns792FCA.jpg,《疯狂的石头》拍摄地,,78171
重庆玛雅海滩水公园,桂林,广西,礼嘉/欢乐谷,5.0,5888,200.0,106.52278,29.67635,https://dimg04.c-ctrip.com/images/1lo0y12000eyp93wtFE41.jpg,体验刺激的水上过山车项目,,33836754
红池坝风景区,桂林,广西,距市中心>100km,4.6,418,30.0,109.073327,31.540378,https://dimg04.c-ctrip.com/images/100i1f000001gp2nx8575.jpg,森林草场覆盖面积辽阔,4A,10534508
南天湖国际滑雪场,桂林,广西,距市中心>100km,4.1,80,198.0,107.822496,29.593647,https://dimg04.c-ctrip.com/images/0100u12000a80i8bdD7F5.jpg,西南地区较大的高山滑雪场,,56809781
嘉陵小渡,桂林,广西,磁器口古镇,4.7,429,10.0,106.45477,29.593263,https://dimg04.c-ctrip.com/images/1lo2912000azzm6qj3C38.jpg,,,136624774
